tid,fritt_mb,swap_mb,pid,cpu,rss_mb,namn
0.0,349,13970,1187,0.4,278,/Applications/Ollama.app/Contents/Resources/llama-server
0.0,349,13970,1760,0.0,0,/Applications/Microsoft
0.0,349,13970,2289,0.0,24,/Applications/Ollama.app/Contents/Resources/ollama
0.0,349,13970,3739,0.0,10,dist/Critero-kundkoll.app/Contents/MacOS/Kundkoll
0.0,349,13970,76251,0.0,4,/opt/homebrew/Cellar/python@3.14/3.14.7/Frameworks/Python.framework/Versions/3.14/Resources/Python.app/Contents/MacOS/Python
0.0,349,13970,91257,0.4,29,/Applications/Microsoft
0.0,349,13970,91258,0.0,0,/Applications/Microsoft
0.0,349,13970,91259,0.0,2,/Applications/Microsoft
0.0,349,13970,91263,0.0,54,/Applications/Microsoft
0.0,349,13970,91265,0.0,0,/Applications/Microsoft
0.0,349,13970,91266,5.9,31,/Applications/Microsoft
0.0,349,13970,91268,0.0,16,/Applications/Microsoft
0.0,349,13970,91270,0.0,9,/Applications/Microsoft
0.0,349,13970,91271,0.0,74,/Applications/Microsoft
0.0,349,13970,91272,0.0,11,/Applications/Microsoft
0.0,349,13970,91279,8.4,416,/Applications/Microsoft
0.0,349,13970,91280,45.2,188,/Applications/Microsoft
0.0,349,13970,91295,0.4,8,/Applications/Microsoft
0.0,349,13970,91296,0.0,7,/Applications/Microsoft
0.0,349,13970,91305,0.0,9,/Applications/Microsoft
0.0,349,13970,91318,0.0,12,/Applications/Microsoft
0.0,349,13970,96687,0.1,3534,/Applications/Ollama.app/Contents/Resources/llama-server
0.0,349,13970,98129,0.4,577,/Applications/Ollama.app/Contents/Resources/llama-server
0.6,4169,13962,1760,0.0,0,/Applications/Microsoft
0.6,4169,13962,2289,21.2,43,/Applications/Ollama.app/Contents/Resources/ollama
0.6,4169,13962,3739,1.2,17,dist/Critero-kundkoll.app/Contents/MacOS/Kundkoll
0.6,4169,13962,3752,29.3,76,/Applications/Ollama.app/Contents/Resources/llama-server
0.6,4169,13962,76251,0.0,4,/opt/homebrew/Cellar/python@3.14/3.14.7/Frameworks/Python.framework/Versions/3.14/Resources/Python.app/Contents/MacOS/Python
0.6,4169,13962,91257,1.9,30,/Applications/Microsoft
0.6,4169,13962,91258,0.0,0,/Applications/Microsoft
0.6,4169,13962,91259,0.0,2,/Applications/Microsoft
0.6,4169,13962,91263,0.0,55,/Applications/Microsoft
0.6,4169,13962,91265,0.0,0,/Applications/Microsoft
0.6,4169,13962,91266,0.9,31,/Applications/Microsoft
0.6,4169,13962,91268,0.0,17,/Applications/Microsoft
0.6,4169,13962,91270,0.0,9,/Applications/Microsoft
0.6,4169,13962,91271,0.0,74,/Applications/Microsoft
0.6,4169,13962,91272,0.0,12,/Applications/Microsoft
0.6,4169,13962,91279,2.2,417,/Applications/Microsoft
0.6,4169,13962,91280,39.6,188,/Applications/Microsoft
0.6,4169,13962,91295,0.0,8,/Applications/Microsoft
0.6,4169,13962,91296,0.0,7,/Applications/Microsoft
0.6,4169,13962,91305,0.0,9,/Applications/Microsoft
0.6,4169,13962,91318,0.0,12,/Applications/Microsoft
1.1,3714,13954,1760,0.0,0,/Applications/Microsoft
1.1,3714,13954,2289,2.7,43,/Applications/Ollama.app/Contents/Resources/ollama
1.1,3714,13954,3739,0.2,17,dist/Critero-kundkoll.app/Contents/MacOS/Kundkoll
1.1,3714,13954,3752,26.7,836,/Applications/Ollama.app/Contents/Resources/llama-server
1.1,3714,13954,76251,0.0,4,/opt/homebrew/Cellar/python@3.14/3.14.7/Frameworks/Python.framework/Versions/3.14/Resources/Python.app/Contents/MacOS/Python
1.1,3714,13954,91257,0.4,30,/Applications/Microsoft
1.1,3714,13954,91258,0.0,0,/Applications/Microsoft
1.1,3714,13954,91259,0.0,2,/Applications/Microsoft
1.1,3714,13954,91263,0.0,55,/Applications/Microsoft
1.1,3714,13954,91265,0.0,0,/Applications/Microsoft
1.1,3714,13954,91266,0.0,31,/Applications/Microsoft
1.1,3714,13954,91268,0.0,17,/Applications/Microsoft
1.1,3714,13954,91270,0.0,9,/Applications/Microsoft
1.1,3714,13954,91271,0.0,74,/Applications/Microsoft
1.1,3714,13954,91272,0.1,12,/Applications/Microsoft
1.1,3714,13954,91279,0.5,417,/Applications/Microsoft
1.1,3714,13954,91280,45.8,189,/Applications/Microsoft
1.1,3714,13954,91295,0.0,8,/Applications/Microsoft
1.1,3714,13954,91296,0.0,7,/Applications/Microsoft
1.1,3714,13954,91305,0.0,9,/Applications/Microsoft
1.1,3714,13954,91318,0.0,12,/Applications/Microsoft
1.7,2731,13946,1760,0.0,0,/Applications/Microsoft
1.7,2731,13946,2289,0.1,43,/Applications/Ollama.app/Contents/Resources/ollama
1.7,2731,13946,3739,0.0,17,dist/Critero-kundkoll.app/Contents/MacOS/Kundkoll
1.7,2731,13946,3752,13.6,1896,/Applications/Ollama.app/Contents/Resources/llama-server
1.7,2731,13946,76251,0.0,4,/opt/homebrew/Cellar/python@3.14/3.14.7/Frameworks/Python.framework/Versions/3.14/Resources/Python.app/Contents/MacOS/Python
1.7,2731,13946,91257,0.4,30,/Applications/Microsoft
1.7,2731,13946,91258,0.0,0,/Applications/Microsoft
1.7,2731,13946,91259,0.0,2,/Applications/Microsoft
1.7,2731,13946,91263,0.0,55,/Applications/Microsoft
1.7,2731,13946,91265,0.0,0,/Applications/Microsoft
1.7,2731,13946,91266,0.4,31,/Applications/Microsoft
1.7,2731,13946,91268,0.0,17,/Applications/Microsoft
1.7,2731,13946,91270,0.0,9,/Applications/Microsoft
1.7,2731,13946,91271,0.1,75,/Applications/Microsoft
1.7,2731,13946,91272,0.0,12,/Applications/Microsoft
1.7,2731,13946,91279,2.7,425,/Applications/Microsoft
1.7,2731,13946,91280,43.5,189,/Applications/Microsoft
1.7,2731,13946,91295,0.0,8,/Applications/Microsoft
1.7,2731,13946,91296,0.0,7,/Applications/Microsoft
1.7,2731,13946,91305,0.0,9,/Applications/Microsoft
1.7,2731,13946,91318,0.0,12,/Applications/Microsoft
2.2,1642,13946,1760,0.0,0,/Applications/Microsoft
2.2,1642,13946,2289,0.0,43,/Applications/Ollama.app/Contents/Resources/ollama
2.2,1642,13946,3739,0.0,17,dist/Critero-kundkoll.app/Contents/MacOS/Kundkoll
2.2,1642,13946,3752,10.9,2963,/Applications/Ollama.app/Contents/Resources/llama-server
2.2,1642,13946,76251,0.1,4,/opt/homebrew/Cellar/python@3.14/3.14.7/Frameworks/Python.framework/Versions/3.14/Resources/Python.app/Contents/MacOS/Python
2.2,1642,13946,91257,0.4,30,/Applications/Microsoft
2.2,1642,13946,91258,0.0,0,/Applications/Microsoft
2.2,1642,13946,91259,0.0,2,/Applications/Microsoft
2.2,1642,13946,91263,0.2,56,/Applications/Microsoft
2.2,1642,13946,91265,0.0,0,/Applications/Microsoft
2.2,1642,13946,91266,0.0,31,/Applications/Microsoft
2.2,1642,13946,91268,0.0,17,/Applications/Microsoft
2.2,1642,13946,91270,0.0,9,/Applications/Microsoft
2.2,1642,13946,91271,0.0,75,/Applications/Microsoft
2.2,1642,13946,91272,0.0,12,/Applications/Microsoft
2.2,1642,13946,91279,0.4,436,/Applications/Microsoft
2.2,1642,13946,91280,46.9,189,/Applications/Microsoft
2.2,1642,13946,91295,0.0,8,/Applications/Microsoft
2.2,1642,13946,91296,0.0,7,/Applications/Microsoft
2.2,1642,13946,91305,0.0,9,/Applications/Microsoft
2.2,1642,13946,91318,0.0,12,/Applications/Microsoft
2.8,686,13946,1760,0.0,0,/Applications/Microsoft
2.8,686,13946,2289,0.0,43,/Applications/Ollama.app/Contents/Resources/ollama
2.8,686,13946,3739,0.0,17,dist/Critero-kundkoll.app/Contents/MacOS/Kundkoll
2.8,686,13946,3752,11.8,3998,/Applications/Ollama.app/Contents/Resources/llama-server
2.8,686,13946,76251,0.0,4,/opt/homebrew/Cellar/python@3.14/3.14.7/Frameworks/Python.framework/Versions/3.14/Resources/Python.app/Contents/MacOS/Python
2.8,686,13946,91257,0.4,30,/Applications/Microsoft
2.8,686,13946,91258,0.0,0,/Applications/Microsoft
2.8,686,13946,91259,0.0,2,/Applications/Microsoft
2.8,686,13946,91263,0.1,60,/Applications/Microsoft
2.8,686,13946,91265,0.0,0,/Applications/Microsoft
2.8,686,13946,91266,2.8,31,/Applications/Microsoft
2.8,686,13946,91268,0.1,19,/Applications/Microsoft
2.8,686,13946,91270,0.0,9,/Applications/Microsoft
2.8,686,13946,91271,0.0,75,/Applications/Microsoft
2.8,686,13946,91272,0.0,12,/Applications/Microsoft
2.8,686,13946,91279,4.0,445,/Applications/Microsoft
2.8,686,13946,91280,36.3,189,/Applications/Microsoft
2.8,686,13946,91295,0.0,8,/Applications/Microsoft
2.8,686,13946,91296,0.0,7,/Applications/Microsoft
2.8,686,13946,91305,0.0,9,/Applications/Microsoft
2.8,686,13946,91318,0.0,12,/Applications/Microsoft
3.3,344,13946,1760,0.0,0,/Applications/Microsoft
3.3,344,13946,2289,0.0,35,/Applications/Ollama.app/Contents/Resources/ollama
3.3,344,13946,3739,0.0,15,dist/Critero-kundkoll.app/Contents/MacOS/Kundkoll
3.3,344,13946,3752,15.0,4965,/Applications/Ollama.app/Contents/Resources/llama-server
3.3,344,13946,76251,0.0,4,/opt/homebrew/Cellar/python@3.14/3.14.7/Frameworks/Python.framework/Versions/3.14/Resources/Python.app/Contents/MacOS/Python
3.3,344,13946,91257,0.8,28,/Applications/Microsoft
3.3,344,13946,91258,0.0,0,/Applications/Microsoft
3.3,344,13946,91259,0.0,2,/Applications/Microsoft
3.3,344,13946,91263,0.0,58,/Applications/Microsoft
3.3,344,13946,91265,0.0,0,/Applications/Microsoft
3.3,344,13946,91266,2.5,29,/Applications/Microsoft
3.3,344,13946,91268,0.0,19,/Applications/Microsoft
3.3,344,13946,91270,0.0,8,/Applications/Microsoft
3.3,344,13946,91271,0.0,74,/Applications/Microsoft
3.3,344,13946,91272,0.0,12,/Applications/Microsoft
3.3,344,13946,91279,3.1,397,/Applications/Microsoft
3.3,344,13946,91280,26.5,180,/Applications/Microsoft
3.3,344,13946,91295,0.0,8,/Applications/Microsoft
3.3,344,13946,91296,0.0,6,/Applications/Microsoft
3.3,344,13946,91305,0.0,9,/Applications/Microsoft
3.3,344,13946,91318,0.0,11,/Applications/Microsoft
3.9,86,13946,1760,0.0,0,/Applications/Microsoft
3.9,86,13946,2289,0.3,18,/Applications/Ollama.app/Contents/Resources/ollama
3.9,86,13946,3739,0.0,14,dist/Critero-kundkoll.app/Contents/MacOS/Kundkoll
3.9,86,13946,3752,48.4,6126,/Applications/Ollama.app/Contents/Resources/llama-server
3.9,86,13946,76251,0.0,1,/opt/homebrew/Cellar/python@3.14/3.14.7/Frameworks/Python.framework/Versions/3.14/Resources/Python.app/Contents/MacOS/Python
3.9,86,13946,91257,0.3,21,/Applications/Microsoft
3.9,86,13946,91258,0.0,0,/Applications/Microsoft
3.9,86,13946,91259,0.0,2,/Applications/Microsoft
3.9,86,13946,91263,0.3,32,/Applications/Microsoft
3.9,86,13946,91265,0.0,0,/Applications/Microsoft
3.9,86,13946,91266,2.4,25,/Applications/Microsoft
3.9,86,13946,91268,0.6,14,/Applications/Microsoft
3.9,86,13946,91270,0.1,7,/Applications/Microsoft
3.9,86,13946,91271,0.0,38,/Applications/Microsoft
3.9,86,13946,91272,0.1,8,/Applications/Microsoft
3.9,86,13946,91279,12.5,291,/Applications/Microsoft
3.9,86,13946,91280,29.4,155,/Applications/Microsoft
3.9,86,13946,91295,0.0,6,/Applications/Microsoft
3.9,86,13946,91296,0.0,4,/Applications/Microsoft
3.9,86,13946,91305,0.0,9,/Applications/Microsoft
3.9,86,13946,91318,0.0,11,/Applications/Microsoft
4.5,115,13938,1760,0.0,0,/Applications/Microsoft
4.5,115,13938,2289,4.0,33,/Applications/Ollama.app/Contents/Resources/ollama
4.5,115,13938,3739,0.0,13,dist/Critero-kundkoll.app/Contents/MacOS/Kundkoll
4.5,115,13938,3752,10.6,6102,/Applications/Ollama.app/Contents/Resources/llama-server
4.5,115,13938,76251,0.0,2,/opt/homebrew/Cellar/python@3.14/3.14.7/Frameworks/Python.framework/Versions/3.14/Resources/Python.app/Contents/MacOS/Python
4.5,115,13938,91257,0.7,20,/Applications/Microsoft
4.5,115,13938,91258,0.0,0,/Applications/Microsoft
4.5,115,13938,91259,0.0,2,/Applications/Microsoft
4.5,115,13938,91263,0.3,23,/Applications/Microsoft
4.5,115,13938,91265,0.0,0,/Applications/Microsoft
4.5,115,13938,91266,1.1,25,/Applications/Microsoft
4.5,115,13938,91268,0.0,12,/Applications/Microsoft
4.5,115,13938,91270,0.0,7,/Applications/Microsoft
4.5,115,13938,91271,0.0,33,/Applications/Microsoft
4.5,115,13938,91272,0.0,7,/Applications/Microsoft
4.5,115,13938,91279,8.5,191,/Applications/Microsoft
4.5,115,13938,91280,42.3,142,/Applications/Microsoft
4.5,115,13938,91295,0.0,4,/Applications/Microsoft
4.5,115,13938,91296,0.0,4,/Applications/Microsoft
4.5,115,13938,91305,0.0,9,/Applications/Microsoft
4.5,115,13938,91318,0.0,11,/Applications/Microsoft
5.0,125,13930,1760,0.0,0,/Applications/Microsoft
5.0,125,13930,2289,0.4,33,/Applications/Ollama.app/Contents/Resources/ollama
5.0,125,13930,3739,0.0,13,dist/Critero-kundkoll.app/Contents/MacOS/Kundkoll
5.0,125,13930,3752,1.4,6101,/Applications/Ollama.app/Contents/Resources/llama-server
5.0,125,13930,76251,0.0,2,/opt/homebrew/Cellar/python@3.14/3.14.7/Frameworks/Python.framework/Versions/3.14/Resources/Python.app/Contents/MacOS/Python
5.0,125,13930,91257,0.4,19,/Applications/Microsoft
5.0,125,13930,91258,0.0,0,/Applications/Microsoft
5.0,125,13930,91259,0.0,2,/Applications/Microsoft
5.0,125,13930,91263,0.0,22,/Applications/Microsoft
5.0,125,13930,91265,0.0,0,/Applications/Microsoft
5.0,125,13930,91266,0.0,24,/Applications/Microsoft
5.0,125,13930,91268,0.0,6,/Applications/Microsoft
5.0,125,13930,91270,0.0,5,/Applications/Microsoft
5.0,125,13930,91271,0.0,33,/Applications/Microsoft
5.0,125,13930,91272,0.0,8,/Applications/Microsoft
5.0,125,13930,91279,2.0,164,/Applications/Microsoft
5.0,125,13930,91280,41.2,149,/Applications/Microsoft
5.0,125,13930,91295,0.0,4,/Applications/Microsoft
5.0,125,13930,91296,0.0,4,/Applications/Microsoft
5.0,125,13930,91305,0.0,9,/Applications/Microsoft
5.0,125,13930,91318,0.0,11,/Applications/Microsoft
5.6,137,13930,1760,0.0,0,/Applications/Microsoft
5.6,137,13930,2289,0.0,33,/Applications/Ollama.app/Contents/Resources/ollama
5.6,137,13930,3739,0.0,13,dist/Critero-kundkoll.app/Contents/MacOS/Kundkoll
5.6,137,13930,3752,15.5,6125,/Applications/Ollama.app/Contents/Resources/llama-server
5.6,137,13930,76251,0.0,2,/opt/homebrew/Cellar/python@3.14/3.14.7/Frameworks/Python.framework/Versions/3.14/Resources/Python.app/Contents/MacOS/Python
5.6,137,13930,91257,1.0,20,/Applications/Microsoft
5.6,137,13930,91258,0.0,0,/Applications/Microsoft
5.6,137,13930,91259,0.0,2,/Applications/Microsoft
5.6,137,13930,91263,0.1,23,/Applications/Microsoft
5.6,137,13930,91265,0.0,0,/Applications/Microsoft
5.6,137,13930,91266,0.2,24,/Applications/Microsoft
5.6,137,13930,91268,0.0,8,/Applications/Microsoft
5.6,137,13930,91270,0.0,5,/Applications/Microsoft
5.6,137,13930,91271,0.0,35,/Applications/Microsoft
5.6,137,13930,91272,0.0,8,/Applications/Microsoft
5.6,137,13930,91279,0.4,167,/Applications/Microsoft
5.6,137,13930,91280,39.9,150,/Applications/Microsoft
5.6,137,13930,91295,0.0,4,/Applications/Microsoft
5.6,137,13930,91296,0.0,4,/Applications/Microsoft
5.6,137,13930,91305,0.0,9,/Applications/Microsoft
5.6,137,13930,91318,0.0,11,/Applications/Microsoft
6.1,131,13930,1760,0.0,0,/Applications/Microsoft
6.1,131,13930,2289,0.0,9,/Applications/Ollama.app/Contents/Resources/ollama
6.1,131,13930,3739,0.0,12,dist/Critero-kundkoll.app/Contents/MacOS/Kundkoll
6.1,131,13930,3752,21.8,6097,/Applications/Ollama.app/Contents/Resources/llama-server
6.1,131,13930,76251,0.0,2,/opt/homebrew/Cellar/python@3.14/3.14.7/Frameworks/Python.framework/Versions/3.14/Resources/Python.app/Contents/MacOS/Python
6.1,131,13930,91257,0.4,18,/Applications/Microsoft
6.1,131,13930,91258,0.0,0,/Applications/Microsoft
6.1,131,13930,91259,0.0,2,/Applications/Microsoft
6.1,131,13930,91263,0.0,20,/Applications/Microsoft
6.1,131,13930,91265,0.0,0,/Applications/Microsoft
6.1,131,13930,91266,0.0,22,/Applications/Microsoft
6.1,131,13930,91268,0.0,8,/Applications/Microsoft
6.1,131,13930,91270,0.0,5,/Applications/Microsoft
6.1,131,13930,91271,0.0,35,/Applications/Microsoft
6.1,131,13930,91272,0.0,10,/Applications/Microsoft
6.1,131,13930,91279,0.4,100,/Applications/Microsoft
6.1,131,13930,91280,47.6,147,/Applications/Microsoft
6.1,131,13930,91295,0.0,4,/Applications/Microsoft
6.1,131,13930,91296,0.0,4,/Applications/Microsoft
6.1,131,13930,91305,0.0,9,/Applications/Microsoft
6.1,131,13930,91318,0.0,11,/Applications/Microsoft
6.7,132,13930,1760,0.0,0,/Applications/Microsoft
6.7,132,13930,2289,0.0,9,/Applications/Ollama.app/Contents/Resources/ollama
6.7,132,13930,3739,0.0,13,dist/Critero-kundkoll.app/Contents/MacOS/Kundkoll
6.7,132,13930,3752,22.7,6097,/Applications/Ollama.app/Contents/Resources/llama-server
6.7,132,13930,76251,0.0,2,/opt/homebrew/Cellar/python@3.14/3.14.7/Frameworks/Python.framework/Versions/3.14/Resources/Python.app/Contents/MacOS/Python
6.7,132,13930,91257,0.3,16,/Applications/Microsoft
6.7,132,13930,91258,0.0,0,/Applications/Microsoft
6.7,132,13930,91259,0.0,2,/Applications/Microsoft
6.7,132,13930,91263,0.0,24,/Applications/Microsoft
6.7,132,13930,91265,0.0,0,/Applications/Microsoft
6.7,132,13930,91266,1.0,24,/Applications/Microsoft
6.7,132,13930,91268,0.0,7,/Applications/Microsoft
6.7,132,13930,91270,0.0,5,/Applications/Microsoft
6.7,132,13930,91271,0.0,34,/Applications/Microsoft
6.7,132,13930,91272,0.0,9,/Applications/Microsoft
6.7,132,13930,91279,2.8,109,/Applications/Microsoft
6.7,132,13930,91280,40.7,148,/Applications/Microsoft
6.7,132,13930,91295,0.0,5,/Applications/Microsoft
6.7,132,13930,91296,0.0,4,/Applications/Microsoft
6.7,132,13930,91305,0.0,9,/Applications/Microsoft
6.7,132,13930,91318,0.0,11,/Applications/Microsoft
7.3,162,13930,1760,0.0,0,/Applications/Microsoft
7.3,162,13930,2289,0.0,9,/Applications/Ollama.app/Contents/Resources/ollama
7.3,162,13930,3739,0.0,13,dist/Critero-kundkoll.app/Contents/MacOS/Kundkoll
7.3,162,13930,3752,25.4,6097,/Applications/Ollama.app/Contents/Resources/llama-server
7.3,162,13930,76251,0.0,4,/opt/homebrew/Cellar/python@3.14/3.14.7/Frameworks/Python.framework/Versions/3.14/Resources/Python.app/Contents/MacOS/Python
7.3,162,13930,91257,0.7,17,/Applications/Microsoft
7.3,162,13930,91258,0.0,0,/Applications/Microsoft
7.3,162,13930,91259,0.0,2,/Applications/Microsoft
7.3,162,13930,91263,0.0,22,/Applications/Microsoft
7.3,162,13930,91265,0.0,0,/Applications/Microsoft
7.3,162,13930,91266,0.2,24,/Applications/Microsoft
7.3,162,13930,91268,0.0,6,/Applications/Microsoft
7.3,162,13930,91270,0.0,5,/Applications/Microsoft
7.3,162,13930,91271,0.0,30,/Applications/Microsoft
7.3,162,13930,91272,0.2,11,/Applications/Microsoft
7.3,162,13930,91279,0.4,108,/Applications/Microsoft
7.3,162,13930,91280,45.7,151,/Applications/Microsoft
7.3,162,13930,91295,0.0,6,/Applications/Microsoft
7.3,162,13930,91296,0.0,4,/Applications/Microsoft
7.3,162,13930,91305,0.0,8,/Applications/Microsoft
7.3,162,13930,91318,0.0,8,/Applications/Microsoft
7.8,152,13930,1760,0.0,0,/Applications/Microsoft
7.8,152,13930,2289,38.6,41,/Applications/Ollama.app/Contents/Resources/ollama
7.8,152,13930,3739,1.8,16,dist/Critero-kundkoll.app/Contents/MacOS/Kundkoll
7.8,152,13930,3752,17.2,6114,/Applications/Ollama.app/Contents/Resources/llama-server
7.8,152,13930,76251,0.0,4,/opt/homebrew/Cellar/python@3.14/3.14.7/Frameworks/Python.framework/Versions/3.14/Resources/Python.app/Contents/MacOS/Python
7.8,152,13930,91257,0.6,17,/Applications/Microsoft
7.8,152,13930,91258,0.0,0,/Applications/Microsoft
7.8,152,13930,91259,0.0,2,/Applications/Microsoft
7.8,152,13930,91263,0.2,23,/Applications/Microsoft
7.8,152,13930,91265,0.0,0,/Applications/Microsoft
7.8,152,13930,91266,0.0,24,/Applications/Microsoft
7.8,152,13930,91268,0.0,6,/Applications/Microsoft
7.8,152,13930,91270,0.4,7,/Applications/Microsoft
7.8,152,13930,91271,0.0,30,/Applications/Microsoft
7.8,152,13930,91272,0.0,9,/Applications/Microsoft
7.8,152,13930,91279,0.7,102,/Applications/Microsoft
7.8,152,13930,91280,44.4,136,/Applications/Microsoft
7.8,152,13930,91295,0.0,6,/Applications/Microsoft
7.8,152,13930,91296,0.0,4,/Applications/Microsoft
7.8,152,13930,91305,0.0,8,/Applications/Microsoft
7.8,152,13930,91318,0.0,8,/Applications/Microsoft
8.4,177,13922,1760,0.0,0,/Applications/Microsoft
8.4,177,13922,2289,5.4,41,/Applications/Ollama.app/Contents/Resources/ollama
8.4,177,13922,3739,0.1,15,dist/Critero-kundkoll.app/Contents/MacOS/Kundkoll
8.4,177,13922,3752,2.4,6115,/Applications/Ollama.app/Contents/Resources/llama-server
8.4,177,13922,76251,0.0,4,/opt/homebrew/Cellar/python@3.14/3.14.7/Frameworks/Python.framework/Versions/3.14/Resources/Python.app/Contents/MacOS/Python
8.4,177,13922,91257,0.4,16,/Applications/Microsoft
8.4,177,13922,91258,0.0,0,/Applications/Microsoft
8.4,177,13922,91259,0.0,2,/Applications/Microsoft
8.4,177,13922,91263,0.0,18,/Applications/Microsoft
8.4,177,13922,91265,0.0,0,/Applications/Microsoft
8.4,177,13922,91266,0.1,24,/Applications/Microsoft
8.4,177,13922,91268,0.0,5,/Applications/Microsoft
8.4,177,13922,91270,0.0,7,/Applications/Microsoft
8.4,177,13922,91271,0.0,25,/Applications/Microsoft
8.4,177,13922,91272,0.0,8,/Applications/Microsoft
8.4,177,13922,91279,6.6,101,/Applications/Microsoft
8.4,177,13922,91280,42.7,135,/Applications/Microsoft
8.4,177,13922,91295,0.0,4,/Applications/Microsoft
8.4,177,13922,91296,0.0,4,/Applications/Microsoft
8.4,177,13922,91305,0.0,8,/Applications/Microsoft
8.4,177,13922,91318,0.0,8,/Applications/Microsoft
9.0,163,13922,1760,0.0,0,/Applications/Microsoft
9.0,163,13922,2289,0.3,38,/Applications/Ollama.app/Contents/Resources/ollama
9.0,163,13922,3739,0.0,15,dist/Critero-kundkoll.app/Contents/MacOS/Kundkoll
9.0,163,13922,3752,21.4,6114,/Applications/Ollama.app/Contents/Resources/llama-server
9.0,163,13922,76251,0.0,4,/opt/homebrew/Cellar/python@3.14/3.14.7/Frameworks/Python.framework/Versions/3.14/Resources/Python.app/Contents/MacOS/Python
9.0,163,13922,91257,0.7,18,/Applications/Microsoft
9.0,163,13922,91258,0.0,0,/Applications/Microsoft
9.0,163,13922,91259,0.0,2,/Applications/Microsoft
9.0,163,13922,91263,0.1,18,/Applications/Microsoft
9.0,163,13922,91265,0.0,0,/Applications/Microsoft
9.0,163,13922,91266,0.1,24,/Applications/Microsoft
9.0,163,13922,91268,0.0,7,/Applications/Microsoft
9.0,163,13922,91270,0.0,7,/Applications/Microsoft
9.0,163,13922,91271,0.0,25,/Applications/Microsoft
9.0,163,13922,91272,0.0,9,/Applications/Microsoft
9.0,163,13922,91279,0.6,101,/Applications/Microsoft
9.0,163,13922,91280,42.1,124,/Applications/Microsoft
9.0,163,13922,91295,0.0,4,/Applications/Microsoft
9.0,163,13922,91296,0.0,4,/Applications/Microsoft
9.0,163,13922,91305,0.0,8,/Applications/Microsoft
9.0,163,13922,91318,0.0,8,/Applications/Microsoft
9.5,164,13922,1760,0.0,0,/Applications/Microsoft
9.5,164,13922,2289,0.1,14,/Applications/Ollama.app/Contents/Resources/ollama
9.5,164,13922,3739,0.0,13,dist/Critero-kundkoll.app/Contents/MacOS/Kundkoll
9.5,164,13922,3752,23.9,6074,/Applications/Ollama.app/Contents/Resources/llama-server
9.5,164,13922,76251,0.0,2,/opt/homebrew/Cellar/python@3.14/3.14.7/Frameworks/Python.framework/Versions/3.14/Resources/Python.app/Contents/MacOS/Python
9.5,164,13922,91257,1.4,18,/Applications/Microsoft
9.5,164,13922,91258,0.0,0,/Applications/Microsoft
9.5,164,13922,91259,0.0,2,/Applications/Microsoft
9.5,164,13922,91263,0.0,15,/Applications/Microsoft
9.5,164,13922,91265,0.0,0,/Applications/Microsoft
9.5,164,13922,91266,0.8,24,/Applications/Microsoft
9.5,164,13922,91268,0.0,7,/Applications/Microsoft
9.5,164,13922,91270,0.0,3,/Applications/Microsoft
9.5,164,13922,91271,0.0,23,/Applications/Microsoft
9.5,164,13922,91272,0.1,8,/Applications/Microsoft
9.5,164,13922,91279,10.4,164,/Applications/Microsoft
9.5,164,13922,91280,40.7,119,/Applications/Microsoft
9.5,164,13922,91295,0.0,4,/Applications/Microsoft
9.5,164,13922,91296,0.0,4,/Applications/Microsoft
9.5,164,13922,91305,0.0,7,/Applications/Microsoft
9.5,164,13922,91318,0.0,8,/Applications/Microsoft
10.1,155,13922,1760,0.0,0,/Applications/Microsoft
10.1,155,13922,2289,0.0,13,/Applications/Ollama.app/Contents/Resources/ollama
10.1,155,13922,3739,0.0,12,dist/Critero-kundkoll.app/Contents/MacOS/Kundkoll
10.1,155,13922,3752,24.2,6073,/Applications/Ollama.app/Contents/Resources/llama-server
10.1,155,13922,76251,0.0,2,/opt/homebrew/Cellar/python@3.14/3.14.7/Frameworks/Python.framework/Versions/3.14/Resources/Python.app/Contents/MacOS/Python
10.1,155,13922,91257,0.3,18,/Applications/Microsoft
10.1,155,13922,91258,0.0,0,/Applications/Microsoft
10.1,155,13922,91259,0.0,2,/Applications/Microsoft
10.1,155,13922,91263,0.0,11,/Applications/Microsoft
10.1,155,13922,91265,0.0,0,/Applications/Microsoft
10.1,155,13922,91266,0.0,17,/Applications/Microsoft
10.1,155,13922,91268,0.0,4,/Applications/Microsoft
10.1,155,13922,91270,0.0,3,/Applications/Microsoft
10.1,155,13922,91271,0.0,19,/Applications/Microsoft
10.1,155,13922,91272,0.0,8,/Applications/Microsoft
10.1,155,13922,91279,0.9,119,/Applications/Microsoft
10.1,155,13922,91280,48.0,141,/Applications/Microsoft
10.1,155,13922,91295,0.0,4,/Applications/Microsoft
10.1,155,13922,91296,0.0,4,/Applications/Microsoft
10.1,155,13922,91305,0.0,7,/Applications/Microsoft
10.1,155,13922,91318,0.0,7,/Applications/Microsoft
10.7,149,13922,1760,0.0,0,/Applications/Microsoft
10.7,149,13922,2289,9.2,40,/Applications/Ollama.app/Contents/Resources/ollama
10.7,149,13922,3739,0.0,14,dist/Critero-kundkoll.app/Contents/MacOS/Kundkoll
10.7,149,13922,3752,23.6,6097,/Applications/Ollama.app/Contents/Resources/llama-server
10.7,149,13922,76251,0.0,2,/opt/homebrew/Cellar/python@3.14/3.14.7/Frameworks/Python.framework/Versions/3.14/Resources/Python.app/Contents/MacOS/Python
10.7,149,13922,91257,0.3,14,/Applications/Microsoft
10.7,149,13922,91258,0.0,0,/Applications/Microsoft
10.7,149,13922,91259,0.0,2,/Applications/Microsoft
10.7,149,13922,91263,0.1,12,/Applications/Microsoft
10.7,149,13922,91265,0.0,0,/Applications/Microsoft
10.7,149,13922,91266,0.4,23,/Applications/Microsoft
10.7,149,13922,91268,0.0,4,/Applications/Microsoft
10.7,149,13922,91270,0.0,3,/Applications/Microsoft
10.7,149,13922,91271,0.0,19,/Applications/Microsoft
10.7,149,13922,91272,0.0,7,/Applications/Microsoft
10.7,149,13922,91279,1.8,92,/Applications/Microsoft
10.7,149,13922,91280,40.9,146,/Applications/Microsoft
10.7,149,13922,91295,0.0,4,/Applications/Microsoft
10.7,149,13922,91296,0.0,4,/Applications/Microsoft
10.7,149,13922,91305,0.0,7,/Applications/Microsoft
10.7,149,13922,91318,0.0,7,/Applications/Microsoft
11.2,155,13922,1760,0.0,0,/Applications/Microsoft
11.2,155,13922,2289,7.5,40,/Applications/Ollama.app/Contents/Resources/ollama
11.2,155,13922,3739,0.0,14,dist/Critero-kundkoll.app/Contents/MacOS/Kundkoll
11.2,155,13922,3752,12.1,6115,/Applications/Ollama.app/Contents/Resources/llama-server
11.2,155,13922,76251,0.0,2,/opt/homebrew/Cellar/python@3.14/3.14.7/Frameworks/Python.framework/Versions/3.14/Resources/Python.app/Contents/MacOS/Python
11.2,155,13922,91257,0.6,15,/Applications/Microsoft
11.2,155,13922,91258,0.0,0,/Applications/Microsoft
11.2,155,13922,91259,0.0,2,/Applications/Microsoft
11.2,155,13922,91263,0.0,12,/Applications/Microsoft
11.2,155,13922,91265,0.0,0,/Applications/Microsoft
11.2,155,13922,91266,0.0,21,/Applications/Microsoft
11.2,155,13922,91268,0.0,4,/Applications/Microsoft
11.2,155,13922,91270,0.0,3,/Applications/Microsoft
11.2,155,13922,91271,0.0,19,/Applications/Microsoft
11.2,155,13922,91272,0.1,10,/Applications/Microsoft
11.2,155,13922,91279,0.7,113,/Applications/Microsoft
11.2,155,13922,91280,42.8,135,/Applications/Microsoft
11.2,155,13922,91295,0.0,4,/Applications/Microsoft
11.2,155,13922,91296,0.0,4,/Applications/Microsoft
11.2,155,13922,91305,0.0,7,/Applications/Microsoft
11.2,155,13922,91318,0.0,7,/Applications/Microsoft
11.8,166,13914,1760,0.0,0,/Applications/Microsoft
11.8,166,13914,2289,0.5,39,/Applications/Ollama.app/Contents/Resources/ollama
11.8,166,13914,3739,0.0,14,dist/Critero-kundkoll.app/Contents/MacOS/Kundkoll
11.8,166,13914,3752,22.8,6116,/Applications/Ollama.app/Contents/Resources/llama-server
11.8,166,13914,76251,0.0,2,/opt/homebrew/Cellar/python@3.14/3.14.7/Frameworks/Python.framework/Versions/3.14/Resources/Python.app/Contents/MacOS/Python
11.8,166,13914,91257,0.6,16,/Applications/Microsoft
11.8,166,13914,91258,0.0,0,/Applications/Microsoft
11.8,166,13914,91259,0.0,2,/Applications/Microsoft
11.8,166,13914,91263,0.4,14,/Applications/Microsoft
11.8,166,13914,91265,0.0,0,/Applications/Microsoft
11.8,166,13914,91266,0.2,23,/Applications/Microsoft
11.8,166,13914,91268,0.0,4,/Applications/Microsoft
11.8,166,13914,91270,0.0,6,/Applications/Microsoft
11.8,166,13914,91271,0.0,19,/Applications/Microsoft
11.8,166,13914,91272,0.0,10,/Applications/Microsoft
11.8,166,13914,91279,1.1,125,/Applications/Microsoft
11.8,166,13914,91280,40.3,146,/Applications/Microsoft
11.8,166,13914,91295,0.0,4,/Applications/Microsoft
11.8,166,13914,91296,0.0,4,/Applications/Microsoft
11.8,166,13914,91305,0.0,7,/Applications/Microsoft
11.8,166,13914,91318,0.0,7,/Applications/Microsoft
12.4,149,13914,1760,0.0,0,/Applications/Microsoft
12.4,149,13914,2289,0.1,39,/Applications/Ollama.app/Contents/Resources/ollama
12.4,149,13914,3739,0.0,14,dist/Critero-kundkoll.app/Contents/MacOS/Kundkoll
12.4,149,13914,3752,25.8,6116,/Applications/Ollama.app/Contents/Resources/llama-server
12.4,149,13914,76251,0.8,4,/opt/homebrew/Cellar/python@3.14/3.14.7/Frameworks/Python.framework/Versions/3.14/Resources/Python.app/Contents/MacOS/Python
12.4,149,13914,91257,0.7,19,/Applications/Microsoft
12.4,149,13914,91258,0.0,0,/Applications/Microsoft
12.4,149,13914,91259,0.0,2,/Applications/Microsoft
12.4,149,13914,91263,0.1,20,/Applications/Microsoft
12.4,149,13914,91265,0.0,0,/Applications/Microsoft
12.4,149,13914,91266,0.5,24,/Applications/Microsoft
12.4,149,13914,91268,0.1,5,/Applications/Microsoft
12.4,149,13914,91270,0.0,6,/Applications/Microsoft
12.4,149,13914,91271,0.8,40,/Applications/Microsoft
12.4,149,13914,91272,0.0,11,/Applications/Microsoft
12.4,149,13914,91279,1.1,126,/Applications/Microsoft
12.4,149,13914,91280,40.2,153,/Applications/Microsoft
12.4,149,13914,91295,0.0,5,/Applications/Microsoft
12.4,149,13914,91296,0.0,4,/Applications/Microsoft
12.4,149,13914,91305,0.0,7,/Applications/Microsoft
12.4,149,13914,91318,0.0,7,/Applications/Microsoft
12.9,156,13914,1760,0.0,0,/Applications/Microsoft
12.9,156,13914,2289,0.0,13,/Applications/Ollama.app/Contents/Resources/ollama
12.9,156,13914,3739,0.0,12,dist/Critero-kundkoll.app/Contents/MacOS/Kundkoll
12.9,156,13914,3752,23.6,6073,/Applications/Ollama.app/Contents/Resources/llama-server
12.9,156,13914,76251,0.4,9,/opt/homebrew/Cellar/python@3.14/3.14.7/Frameworks/Python.framework/Versions/3.14/Resources/Python.app/Contents/MacOS/Python
12.9,156,13914,91257,0.4,18,/Applications/Microsoft
12.9,156,13914,91258,0.0,0,/Applications/Microsoft
12.9,156,13914,91259,0.0,2,/Applications/Microsoft
12.9,156,13914,91263,0.0,21,/Applications/Microsoft
12.9,156,13914,91265,0.0,0,/Applications/Microsoft
12.9,156,13914,91266,0.0,23,/Applications/Microsoft
12.9,156,13914,91268,0.0,5,/Applications/Microsoft
12.9,156,13914,91270,0.0,5,/Applications/Microsoft
12.9,156,13914,91271,0.0,40,/Applications/Microsoft
12.9,156,13914,91272,0.0,7,/Applications/Microsoft
12.9,156,13914,91279,0.3,109,/Applications/Microsoft
12.9,156,13914,91280,49.8,145,/Applications/Microsoft
12.9,156,13914,91295,0.0,5,/Applications/Microsoft
12.9,156,13914,91296,0.0,4,/Applications/Microsoft
12.9,156,13914,91305,0.0,7,/Applications/Microsoft
12.9,156,13914,91318,0.0,7,/Applications/Microsoft
13.5,150,13914,1760,0.0,0,/Applications/Microsoft
13.5,150,13914,2289,9.6,41,/Applications/Ollama.app/Contents/Resources/ollama
13.5,150,13914,3739,0.1,15,dist/Critero-kundkoll.app/Contents/MacOS/Kundkoll
13.5,150,13914,3752,7.0,6115,/Applications/Ollama.app/Contents/Resources/llama-server
13.5,150,13914,76251,0.0,9,/opt/homebrew/Cellar/python@3.14/3.14.7/Frameworks/Python.framework/Versions/3.14/Resources/Python.app/Contents/MacOS/Python
13.5,150,13914,91257,0.9,19,/Applications/Microsoft
13.5,150,13914,91258,0.0,0,/Applications/Microsoft
13.5,150,13914,91259,0.0,2,/Applications/Microsoft
13.5,150,13914,91263,0.0,21,/Applications/Microsoft
13.5,150,13914,91265,0.0,0,/Applications/Microsoft
13.5,150,13914,91266,0.2,23,/Applications/Microsoft
13.5,150,13914,91268,0.0,5,/Applications/Microsoft
13.5,150,13914,91270,0.0,3,/Applications/Microsoft
13.5,150,13914,91271,0.0,40,/Applications/Microsoft
13.5,150,13914,91272,0.0,9,/Applications/Microsoft
13.5,150,13914,91279,1.2,94,/Applications/Microsoft
13.5,150,13914,91280,41.9,148,/Applications/Microsoft
13.5,150,13914,91295,0.0,5,/Applications/Microsoft
13.5,150,13914,91296,0.0,4,/Applications/Microsoft
13.5,150,13914,91305,0.0,7,/Applications/Microsoft
13.5,150,13914,91318,0.0,7,/Applications/Microsoft
14.1,178,13914,1760,0.0,0,/Applications/Microsoft
14.1,178,13914,2289,0.7,39,/Applications/Ollama.app/Contents/Resources/ollama
14.1,178,13914,3739,0.0,14,dist/Critero-kundkoll.app/Contents/MacOS/Kundkoll
14.1,178,13914,3752,22.3,6113,/Applications/Ollama.app/Contents/Resources/llama-server
14.1,178,13914,76251,0.0,6,/opt/homebrew/Cellar/python@3.14/3.14.7/Frameworks/Python.framework/Versions/3.14/Resources/Python.app/Contents/MacOS/Python
14.1,178,13914,91257,0.5,19,/Applications/Microsoft
14.1,178,13914,91258,0.0,0,/Applications/Microsoft
14.1,178,13914,91259,0.0,2,/Applications/Microsoft
14.1,178,13914,91263,0.0,19,/Applications/Microsoft
14.1,178,13914,91265,0.0,0,/Applications/Microsoft
14.1,178,13914,91266,4.4,27,/Applications/Microsoft
14.1,178,13914,91268,0.0,4,/Applications/Microsoft
14.1,178,13914,91270,0.0,3,/Applications/Microsoft
14.1,178,13914,91271,0.0,20,/Applications/Microsoft
14.1,178,13914,91272,0.0,8,/Applications/Microsoft
14.1,178,13914,91279,8.9,195,/Applications/Microsoft
14.1,178,13914,91280,38.6,149,/Applications/Microsoft
14.1,178,13914,91295,0.0,4,/Applications/Microsoft
14.1,178,13914,91296,0.0,4,/Applications/Microsoft
14.1,178,13914,91305,0.0,7,/Applications/Microsoft
14.1,178,13914,91318,0.0,7,/Applications/Microsoft
14.7,165,13914,1760,0.0,0,/Applications/Microsoft
14.7,165,13914,2289,0.0,11,/Applications/Ollama.app/Contents/Resources/ollama
14.7,165,13914,3739,0.0,11,dist/Critero-kundkoll.app/Contents/MacOS/Kundkoll
14.7,165,13914,3752,23.5,6095,/Applications/Ollama.app/Contents/Resources/llama-server
14.7,165,13914,76251,0.0,3,/opt/homebrew/Cellar/python@3.14/3.14.7/Frameworks/Python.framework/Versions/3.14/Resources/Python.app/Contents/MacOS/Python
14.7,165,13914,91257,0.4,19,/Applications/Microsoft
14.7,165,13914,91258,0.0,0,/Applications/Microsoft
14.7,165,13914,91259,0.0,2,/Applications/Microsoft
14.7,165,13914,91263,0.1,18,/Applications/Microsoft
14.7,165,13914,91265,0.0,0,/Applications/Microsoft
14.7,165,13914,91266,1.5,27,/Applications/Microsoft
14.7,165,13914,91268,0.0,4,/Applications/Microsoft
14.7,165,13914,91270,0.0,3,/Applications/Microsoft
14.7,165,13914,91271,0.0,15,/Applications/Microsoft
14.7,165,13914,91272,0.1,11,/Applications/Microsoft
14.7,165,13914,91279,5.3,203,/Applications/Microsoft
14.7,165,13914,91280,39.2,143,/Applications/Microsoft
14.7,165,13914,91295,0.0,4,/Applications/Microsoft
14.7,165,13914,91296,0.0,4,/Applications/Microsoft
14.7,165,13914,91305,0.0,7,/Applications/Microsoft
14.7,165,13914,91318,0.0,7,/Applications/Microsoft
15.3,128,13914,1760,0.0,0,/Applications/Microsoft
15.3,128,13914,2289,0.0,11,/Applications/Ollama.app/Contents/Resources/ollama
15.3,128,13914,3739,0.0,11,dist/Critero-kundkoll.app/Contents/MacOS/Kundkoll
15.3,128,13914,3752,23.9,6096,/Applications/Ollama.app/Contents/Resources/llama-server
15.3,128,13914,76251,0.0,3,/opt/homebrew/Cellar/python@3.14/3.14.7/Frameworks/Python.framework/Versions/3.14/Resources/Python.app/Contents/MacOS/Python
15.3,128,13914,91257,0.5,19,/Applications/Microsoft
15.3,128,13914,91258,0.0,0,/Applications/Microsoft
15.3,128,13914,91259,0.0,2,/Applications/Microsoft
15.3,128,13914,91263,0.0,18,/Applications/Microsoft
15.3,128,13914,91265,0.0,0,/Applications/Microsoft
15.3,128,13914,91266,0.5,25,/Applications/Microsoft
15.3,128,13914,91268,0.0,4,/Applications/Microsoft
15.3,128,13914,91270,0.0,3,/Applications/Microsoft
15.3,128,13914,91271,0.1,17,/Applications/Microsoft
15.3,128,13914,91272,0.0,12,/Applications/Microsoft
15.3,128,13914,91279,2.1,187,/Applications/Microsoft
15.3,128,13914,91280,40.3,149,/Applications/Microsoft
15.3,128,13914,91295,0.0,4,/Applications/Microsoft
15.3,128,13914,91296,0.0,4,/Applications/Microsoft
15.3,128,13914,91305,0.0,7,/Applications/Microsoft
15.3,128,13914,91318,0.0,7,/Applications/Microsoft
15.9,142,13914,1760,0.0,0,/Applications/Microsoft
15.9,142,13914,2289,13.5,41,/Applications/Ollama.app/Contents/Resources/ollama
15.9,142,13914,3739,0.1,14,dist/Critero-kundkoll.app/Contents/MacOS/Kundkoll
15.9,142,13914,3752,7.2,6113,/Applications/Ollama.app/Contents/Resources/llama-server
15.9,142,13914,76251,0.0,3,/opt/homebrew/Cellar/python@3.14/3.14.7/Frameworks/Python.framework/Versions/3.14/Resources/Python.app/Contents/MacOS/Python
15.9,142,13914,91257,0.6,18,/Applications/Microsoft
15.9,142,13914,91258,0.0,0,/Applications/Microsoft
15.9,142,13914,91259,0.0,2,/Applications/Microsoft
15.9,142,13914,91263,0.0,15,/Applications/Microsoft
15.9,142,13914,91265,0.0,0,/Applications/Microsoft
15.9,142,13914,91266,3.8,27,/Applications/Microsoft
15.9,142,13914,91268,0.0,4,/Applications/Microsoft
15.9,142,13914,91270,0.1,5,/Applications/Microsoft
15.9,142,13914,91271,0.0,17,/Applications/Microsoft
15.9,142,13914,91272,0.0,12,/Applications/Microsoft
15.9,142,13914,91279,4.9,193,/Applications/Microsoft
15.9,142,13914,91280,35.6,135,/Applications/Microsoft
15.9,142,13914,91295,0.0,4,/Applications/Microsoft
15.9,142,13914,91296,0.0,4,/Applications/Microsoft
15.9,142,13914,91305,0.0,7,/Applications/Microsoft
15.9,142,13914,91318,0.0,7,/Applications/Microsoft
16.5,138,13914,1760,0.0,0,/Applications/Microsoft
16.5,138,13914,2289,1.0,40,/Applications/Ollama.app/Contents/Resources/ollama
16.5,138,13914,3739,0.0,14,dist/Critero-kundkoll.app/Contents/MacOS/Kundkoll
16.5,138,13914,3752,22.2,6087,/Applications/Ollama.app/Contents/Resources/llama-server
16.5,138,13914,76251,0.0,3,/opt/homebrew/Cellar/python@3.14/3.14.7/Frameworks/Python.framework/Versions/3.14/Resources/Python.app/Contents/MacOS/Python
16.5,138,13914,91257,0.3,16,/Applications/Microsoft
16.5,138,13914,91258,0.0,0,/Applications/Microsoft
16.5,138,13914,91259,0.0,2,/Applications/Microsoft
16.5,138,13914,91263,0.0,13,/Applications/Microsoft
16.5,138,13914,91265,0.0,0,/Applications/Microsoft
16.5,138,13914,91266,1.9,28,/Applications/Microsoft
16.5,138,13914,91268,0.0,4,/Applications/Microsoft
16.5,138,13914,91270,0.0,5,/Applications/Microsoft
16.5,138,13914,91271,0.0,17,/Applications/Microsoft
16.5,138,13914,91272,0.0,8,/Applications/Microsoft
16.5,138,13914,91279,3.4,145,/Applications/Microsoft
16.5,138,13914,91280,37.2,119,/Applications/Microsoft
16.5,138,13914,91295,0.0,4,/Applications/Microsoft
16.5,138,13914,91296,0.0,4,/Applications/Microsoft
16.5,138,13914,91305,0.0,7,/Applications/Microsoft
16.5,138,13914,91318,0.0,7,/Applications/Microsoft
17.0,149,13898,1760,0.0,0,/Applications/Microsoft
17.0,149,13898,2289,0.1,11,/Applications/Ollama.app/Contents/Resources/ollama
17.0,149,13898,3739,0.0,11,dist/Critero-kundkoll.app/Contents/MacOS/Kundkoll
17.0,149,13898,3752,23.2,6070,/Applications/Ollama.app/Contents/Resources/llama-server
17.0,149,13898,76251,0.0,3,/opt/homebrew/Cellar/python@3.14/3.14.7/Frameworks/Python.framework/Versions/3.14/Resources/Python.app/Contents/MacOS/Python
17.0,149,13898,91257,2.0,19,/Applications/Microsoft
17.0,149,13898,91258,0.0,0,/Applications/Microsoft
17.0,149,13898,91259,0.0,2,/Applications/Microsoft
17.0,149,13898,91263,9.6,53,/Applications/Microsoft
17.0,149,13898,91265,0.0,0,/Applications/Microsoft
17.0,149,13898,91266,0.6,25,/Applications/Microsoft
17.0,149,13898,91268,0.6,8,/Applications/Microsoft
17.0,149,13898,91270,0.0,3,/Applications/Microsoft
17.0,149,13898,91271,0.0,15,/Applications/Microsoft
17.0,149,13898,91272,0.0,9,/Applications/Microsoft
17.0,149,13898,91279,12.1,196,/Applications/Microsoft
17.0,149,13898,91280,36.6,120,/Applications/Microsoft
17.0,149,13898,91295,0.0,4,/Applications/Microsoft
17.0,149,13898,91296,0.0,4,/Applications/Microsoft
17.0,149,13898,91305,0.0,7,/Applications/Microsoft
17.0,149,13898,91318,0.0,7,/Applications/Microsoft
17.6,134,13898,1760,0.0,0,/Applications/Microsoft
17.6,134,13898,2289,0.0,10,/Applications/Ollama.app/Contents/Resources/ollama
17.6,134,13898,3739,0.0,11,dist/Critero-kundkoll.app/Contents/MacOS/Kundkoll
17.6,134,13898,3752,24.8,6071,/Applications/Ollama.app/Contents/Resources/llama-server
17.6,134,13898,76251,0.3,4,/opt/homebrew/Cellar/python@3.14/3.14.7/Frameworks/Python.framework/Versions/3.14/Resources/Python.app/Contents/MacOS/Python
17.6,134,13898,91257,0.8,20,/Applications/Microsoft
17.6,134,13898,91258,0.0,0,/Applications/Microsoft
17.6,134,13898,91259,0.0,2,/Applications/Microsoft
17.6,134,13898,91263,0.8,36,/Applications/Microsoft
17.6,134,13898,91265,0.0,0,/Applications/Microsoft
17.6,134,13898,91266,0.9,24,/Applications/Microsoft
17.6,134,13898,91268,0.0,7,/Applications/Microsoft
17.6,134,13898,91270,0.0,3,/Applications/Microsoft
17.6,134,13898,91271,0.0,15,/Applications/Microsoft
17.6,134,13898,91272,0.0,9,/Applications/Microsoft
17.6,134,13898,91279,4.3,127,/Applications/Microsoft
17.6,134,13898,91280,39.9,136,/Applications/Microsoft
17.6,134,13898,91295,0.0,4,/Applications/Microsoft
17.6,134,13898,91296,0.0,4,/Applications/Microsoft
17.6,134,13898,91305,0.0,7,/Applications/Microsoft
17.6,134,13898,91318,0.0,7,/Applications/Microsoft
18.2,140,13882,1760,0.0,0,/Applications/Microsoft
18.2,140,13882,2289,0.0,10,/Applications/Ollama.app/Contents/Resources/ollama
18.2,140,13882,3739,0.0,10,dist/Critero-kundkoll.app/Contents/MacOS/Kundkoll
18.2,140,13882,3752,25.9,6092,/Applications/Ollama.app/Contents/Resources/llama-server
18.2,140,13882,76251,0.0,3,/opt/homebrew/Cellar/python@3.14/3.14.7/Frameworks/Python.framework/Versions/3.14/Resources/Python.app/Contents/MacOS/Python
18.2,140,13882,91257,0.4,17,/Applications/Microsoft
18.2,140,13882,91258,0.0,0,/Applications/Microsoft
18.2,140,13882,91259,0.0,2,/Applications/Microsoft
18.2,140,13882,91263,0.0,24,/Applications/Microsoft
18.2,140,13882,91265,0.0,0,/Applications/Microsoft
18.2,140,13882,91266,0.0,23,/Applications/Microsoft
18.2,140,13882,91268,0.0,5,/Applications/Microsoft
18.2,140,13882,91270,0.0,3,/Applications/Microsoft
18.2,140,13882,91271,0.0,15,/Applications/Microsoft
18.2,140,13882,91272,0.0,7,/Applications/Microsoft
18.2,140,13882,91279,0.4,115,/Applications/Microsoft
18.2,140,13882,91280,45.2,148,/Applications/Microsoft
18.2,140,13882,91295,0.0,4,/Applications/Microsoft
18.2,140,13882,91296,0.0,4,/Applications/Microsoft
18.2,140,13882,91305,0.0,7,/Applications/Microsoft
18.2,140,13882,91318,0.0,7,/Applications/Microsoft
18.8,141,13866,1760,0.0,0,/Applications/Microsoft
18.8,141,13866,2289,18.1,40,/Applications/Ollama.app/Contents/Resources/ollama
18.8,141,13866,3739,0.3,13,dist/Critero-kundkoll.app/Contents/MacOS/Kundkoll
18.8,141,13866,3752,8.8,6109,/Applications/Ollama.app/Contents/Resources/llama-server
18.8,141,13866,76251,0.0,2,/opt/homebrew/Cellar/python@3.14/3.14.7/Frameworks/Python.framework/Versions/3.14/Resources/Python.app/Contents/MacOS/Python
18.8,141,13866,91257,0.6,17,/Applications/Microsoft
18.8,141,13866,91258,0.0,0,/Applications/Microsoft
18.8,141,13866,91259,0.0,2,/Applications/Microsoft
18.8,141,13866,91263,0.1,30,/Applications/Microsoft
18.8,141,13866,91265,0.0,0,/Applications/Microsoft
18.8,141,13866,91266,3.3,27,/Applications/Microsoft
18.8,141,13866,91268,0.0,5,/Applications/Microsoft
18.8,141,13866,91270,0.0,3,/Applications/Microsoft
18.8,141,13866,91271,0.0,15,/Applications/Microsoft
18.8,141,13866,91272,0.0,7,/Applications/Microsoft
18.8,141,13866,91279,9.2,259,/Applications/Microsoft
18.8,141,13866,91280,34.7,144,/Applications/Microsoft
18.8,141,13866,91295,0.0,4,/Applications/Microsoft
18.8,141,13866,91296,0.0,4,/Applications/Microsoft
18.8,141,13866,91305,0.0,7,/Applications/Microsoft
18.8,141,13866,91318,0.0,7,/Applications/Microsoft
19.5,131,13858,1760,0.0,0,/Applications/Microsoft
19.5,131,13858,2289,1.4,11,/Applications/Ollama.app/Contents/Resources/ollama
19.5,131,13858,3739,0.0,10,dist/Critero-kundkoll.app/Contents/MacOS/Kundkoll
19.5,131,13858,3752,30.5,6092,/Applications/Ollama.app/Contents/Resources/llama-server
19.5,131,13858,76251,0.1,2,/opt/homebrew/Cellar/python@3.14/3.14.7/Frameworks/Python.framework/Versions/3.14/Resources/Python.app/Contents/MacOS/Python
19.5,131,13858,91257,2.1,18,/Applications/Microsoft
19.5,131,13858,91258,0.0,0,/Applications/Microsoft
19.5,131,13858,91259,0.0,2,/Applications/Microsoft
19.5,131,13858,91263,0.0,12,/Applications/Microsoft
19.5,131,13858,91265,0.0,0,/Applications/Microsoft
19.5,131,13858,91266,1.1,20,/Applications/Microsoft
19.5,131,13858,91268,0.0,4,/Applications/Microsoft
19.5,131,13858,91270,0.0,3,/Applications/Microsoft
19.5,131,13858,91271,0.0,15,/Applications/Microsoft
19.5,131,13858,91272,0.2,9,/Applications/Microsoft
19.5,131,13858,91279,5.6,102,/Applications/Microsoft
19.5,131,13858,91280,46.7,126,/Applications/Microsoft
19.5,131,13858,91295,0.2,6,/Applications/Microsoft
19.5,131,13858,91296,0.3,6,/Applications/Microsoft
19.5,131,13858,91305,0.0,6,/Applications/Microsoft
19.5,131,13858,91318,0.0,7,/Applications/Microsoft
20.2,136,13834,1760,0.0,0,/Applications/Microsoft
20.2,136,13834,2289,0.0,10,/Applications/Ollama.app/Contents/Resources/ollama
20.2,136,13834,3739,0.0,10,dist/Critero-kundkoll.app/Contents/MacOS/Kundkoll
20.2,136,13834,3752,25.5,6069,/Applications/Ollama.app/Contents/Resources/llama-server
20.2,136,13834,76251,0.0,1,/opt/homebrew/Cellar/python@3.14/3.14.7/Frameworks/Python.framework/Versions/3.14/Resources/Python.app/Contents/MacOS/Python
20.2,136,13834,91257,0.7,18,/Applications/Microsoft
20.2,136,13834,91258,0.0,0,/Applications/Microsoft
20.2,136,13834,91259,0.0,2,/Applications/Microsoft
20.2,136,13834,91263,0.0,9,/Applications/Microsoft
20.2,136,13834,91265,0.0,0,/Applications/Microsoft
20.2,136,13834,91266,0.1,17,/Applications/Microsoft
20.2,136,13834,91268,0.2,11,/Applications/Microsoft
20.2,136,13834,91270,0.0,5,/Applications/Microsoft
20.2,136,13834,91271,0.0,14,/Applications/Microsoft
20.2,136,13834,91272,0.0,10,/Applications/Microsoft
20.2,136,13834,91279,1.2,86,/Applications/Microsoft
20.2,136,13834,91280,42.4,139,/Applications/Microsoft
20.2,136,13834,91295,0.0,6,/Applications/Microsoft
20.2,136,13834,91296,0.0,6,/Applications/Microsoft
20.2,136,13834,91305,0.0,6,/Applications/Microsoft
20.2,136,13834,91318,0.0,7,/Applications/Microsoft
20.8,118,13818,1760,0.0,0,/Applications/Microsoft
20.8,118,13818,2289,0.0,10,/Applications/Ollama.app/Contents/Resources/ollama
20.8,118,13818,3739,0.0,10,dist/Critero-kundkoll.app/Contents/MacOS/Kundkoll
20.8,118,13818,3752,26.3,6069,/Applications/Ollama.app/Contents/Resources/llama-server
20.8,118,13818,76251,0.0,1,/opt/homebrew/Cellar/python@3.14/3.14.7/Frameworks/Python.framework/Versions/3.14/Resources/Python.app/Contents/MacOS/Python
20.8,118,13818,91257,3.0,23,/Applications/Microsoft
20.8,118,13818,91258,0.0,0,/Applications/Microsoft
20.8,118,13818,91259,0.0,2,/Applications/Microsoft
20.8,118,13818,91263,1.8,23,/Applications/Microsoft
20.8,118,13818,91265,0.0,0,/Applications/Microsoft
20.8,118,13818,91266,0.7,23,/Applications/Microsoft
20.8,118,13818,91268,0.0,4,/Applications/Microsoft
20.8,118,13818,91270,0.0,3,/Applications/Microsoft
20.8,118,13818,91271,0.0,14,/Applications/Microsoft
20.8,118,13818,91272,0.0,6,/Applications/Microsoft
20.8,118,13818,91279,10.1,149,/Applications/Microsoft
20.8,118,13818,91280,47.0,125,/Applications/Microsoft
20.8,118,13818,91295,0.0,4,/Applications/Microsoft
20.8,118,13818,91296,0.0,4,/Applications/Microsoft
20.8,118,13818,91305,0.0,6,/Applications/Microsoft
20.8,118,13818,91318,0.0,7,/Applications/Microsoft
21.4,139,13833,1760,0.0,0,/Applications/Microsoft
21.4,139,13833,2289,0.0,4,/Applications/Ollama.app/Contents/Resources/ollama
21.4,139,13833,3739,0.0,9,dist/Critero-kundkoll.app/Contents/MacOS/Kundkoll
21.4,139,13833,3752,28.8,6069,/Applications/Ollama.app/Contents/Resources/llama-server
21.4,139,13833,76251,0.0,1,/opt/homebrew/Cellar/python@3.14/3.14.7/Frameworks/Python.framework/Versions/3.14/Resources/Python.app/Contents/MacOS/Python
21.4,139,13833,91257,2.2,22,/Applications/Microsoft
21.4,139,13833,91258,0.0,0,/Applications/Microsoft
21.4,139,13833,91259,0.0,2,/Applications/Microsoft
21.4,139,13833,91263,0.2,17,/Applications/Microsoft
21.4,139,13833,91265,0.0,0,/Applications/Microsoft
21.4,139,13833,91266,2.2,23,/Applications/Microsoft
21.4,139,13833,91268,0.0,4,/Applications/Microsoft
21.4,139,13833,91270,0.2,6,/Applications/Microsoft
21.4,139,13833,91271,0.0,14,/Applications/Microsoft
21.4,139,13833,91272,0.0,7,/Applications/Microsoft
21.4,139,13833,91279,11.8,102,/Applications/Microsoft
21.4,139,13833,91280,48.2,135,/Applications/Microsoft
21.4,139,13833,91295,0.0,4,/Applications/Microsoft
21.4,139,13833,91296,0.0,4,/Applications/Microsoft
21.4,139,13833,91305,0.0,6,/Applications/Microsoft
21.4,139,13833,91318,0.0,7,/Applications/Microsoft
22.0,154,13833,1760,0.0,0,/Applications/Microsoft
22.0,154,13833,2289,0.0,4,/Applications/Ollama.app/Contents/Resources/ollama
22.0,154,13833,3739,0.0,9,dist/Critero-kundkoll.app/Contents/MacOS/Kundkoll
22.0,154,13833,3752,23.9,6090,/Applications/Ollama.app/Contents/Resources/llama-server
22.0,154,13833,76251,0.0,1,/opt/homebrew/Cellar/python@3.14/3.14.7/Frameworks/Python.framework/Versions/3.14/Resources/Python.app/Contents/MacOS/Python
22.0,154,13833,91257,0.5,21,/Applications/Microsoft
22.0,154,13833,91258,0.0,0,/Applications/Microsoft
22.0,154,13833,91259,0.0,2,/Applications/Microsoft
22.0,154,13833,91263,0.0,16,/Applications/Microsoft
22.0,154,13833,91265,0.0,0,/Applications/Microsoft
22.0,154,13833,91266,0.2,20,/Applications/Microsoft
22.0,154,13833,91268,0.0,4,/Applications/Microsoft
22.0,154,13833,91270,0.0,5,/Applications/Microsoft
22.0,154,13833,91271,0.0,14,/Applications/Microsoft
22.0,154,13833,91272,0.0,6,/Applications/Microsoft
22.0,154,13833,91279,1.8,101,/Applications/Microsoft
22.0,154,13833,91280,40.2,137,/Applications/Microsoft
22.0,154,13833,91295,0.0,4,/Applications/Microsoft
22.0,154,13833,91296,0.0,4,/Applications/Microsoft
22.0,154,13833,91305,0.0,6,/Applications/Microsoft
22.0,154,13833,91318,0.0,7,/Applications/Microsoft
22.6,131,13833,1760,0.0,0,/Applications/Microsoft
22.6,131,13833,2289,22.6,40,/Applications/Ollama.app/Contents/Resources/ollama
22.6,131,13833,3739,1.2,12,dist/Critero-kundkoll.app/Contents/MacOS/Kundkoll
22.6,131,13833,3752,7.9,6108,/Applications/Ollama.app/Contents/Resources/llama-server
22.6,131,13833,76251,0.9,4,/opt/homebrew/Cellar/python@3.14/3.14.7/Frameworks/Python.framework/Versions/3.14/Resources/Python.app/Contents/MacOS/Python
22.6,131,13833,91257,0.4,15,/Applications/Microsoft
22.6,131,13833,91258,0.0,0,/Applications/Microsoft
22.6,131,13833,91259,0.0,2,/Applications/Microsoft
22.6,131,13833,91263,0.0,13,/Applications/Microsoft
22.6,131,13833,91265,0.0,0,/Applications/Microsoft
22.6,131,13833,91266,0.4,23,/Applications/Microsoft
22.6,131,13833,91268,0.0,4,/Applications/Microsoft
22.6,131,13833,91270,0.0,3,/Applications/Microsoft
22.6,131,13833,91271,0.0,14,/Applications/Microsoft
22.6,131,13833,91272,0.0,7,/Applications/Microsoft
22.6,131,13833,91279,1.1,91,/Applications/Microsoft
22.6,131,13833,91280,39.1,138,/Applications/Microsoft
22.6,131,13833,91295,0.0,4,/Applications/Microsoft
22.6,131,13833,91296,0.0,4,/Applications/Microsoft
22.6,131,13833,91305,0.0,6,/Applications/Microsoft
22.6,131,13833,91318,0.0,7,/Applications/Microsoft
23.2,119,13835,1760,0.0,0,/Applications/Microsoft
23.2,119,13835,2289,1.8,25,/Applications/Ollama.app/Contents/Resources/ollama
23.2,119,13835,3739,0.0,10,dist/Critero-kundkoll.app/Contents/MacOS/Kundkoll
23.2,119,13835,3752,28.5,6107,/Applications/Ollama.app/Contents/Resources/llama-server
23.2,119,13835,76251,0.0,4,/opt/homebrew/Cellar/python@3.14/3.14.7/Frameworks/Python.framework/Versions/3.14/Resources/Python.app/Contents/MacOS/Python
23.2,119,13835,91257,1.9,18,/Applications/Microsoft
23.2,119,13835,91258,0.0,0,/Applications/Microsoft
23.2,119,13835,91259,0.0,2,/Applications/Microsoft
23.2,119,13835,91263,0.0,10,/Applications/Microsoft
23.2,119,13835,91265,0.0,0,/Applications/Microsoft
23.2,119,13835,91266,0.4,22,/Applications/Microsoft
23.2,119,13835,91268,0.0,4,/Applications/Microsoft
23.2,119,13835,91270,0.0,3,/Applications/Microsoft
23.2,119,13835,91271,0.0,14,/Applications/Microsoft
23.2,119,13835,91272,0.0,8,/Applications/Microsoft
23.2,119,13835,91279,1.6,98,/Applications/Microsoft
23.2,119,13835,91280,48.9,120,/Applications/Microsoft
23.2,119,13835,91295,0.0,4,/Applications/Microsoft
23.2,119,13835,91296,0.0,4,/Applications/Microsoft
23.2,119,13835,91305,0.0,6,/Applications/Microsoft
23.2,119,13835,91318,0.0,7,/Applications/Microsoft
23.8,145,13835,1760,0.0,0,/Applications/Microsoft
23.8,145,13835,2289,0.2,5,/Applications/Ollama.app/Contents/Resources/ollama
23.8,145,13835,3739,0.0,9,dist/Critero-kundkoll.app/Contents/MacOS/Kundkoll
23.8,145,13835,3752,29.5,6069,/Applications/Ollama.app/Contents/Resources/llama-server
23.8,145,13835,76251,0.0,2,/opt/homebrew/Cellar/python@3.14/3.14.7/Frameworks/Python.framework/Versions/3.14/Resources/Python.app/Contents/MacOS/Python
23.8,145,13835,91257,0.8,17,/Applications/Microsoft
23.8,145,13835,91258,0.0,0,/Applications/Microsoft
23.8,145,13835,91259,0.0,2,/Applications/Microsoft
23.8,145,13835,91263,0.6,14,/Applications/Microsoft
23.8,145,13835,91265,0.0,0,/Applications/Microsoft
23.8,145,13835,91266,0.6,22,/Applications/Microsoft
23.8,145,13835,91268,0.0,4,/Applications/Microsoft
23.8,145,13835,91270,0.0,3,/Applications/Microsoft
23.8,145,13835,91271,0.0,13,/Applications/Microsoft
23.8,145,13835,91272,0.0,7,/Applications/Microsoft
23.8,145,13835,91279,7.5,194,/Applications/Microsoft
23.8,145,13835,91280,38.4,114,/Applications/Microsoft
23.8,145,13835,91295,0.0,4,/Applications/Microsoft
23.8,145,13835,91296,0.0,4,/Applications/Microsoft
23.8,145,13835,91305,0.0,6,/Applications/Microsoft
23.8,145,13835,91318,0.0,7,/Applications/Microsoft
24.7,80,13834,1760,0.0,0,/Applications/Microsoft
24.7,80,13834,2289,30.1,38,/Applications/Ollama.app/Contents/Resources/ollama
24.7,80,13834,3739,1.6,12,dist/Critero-kundkoll.app/Contents/MacOS/Kundkoll
24.7,80,13834,3752,27.6,6069,/Applications/Ollama.app/Contents/Resources/llama-server
24.7,80,13834,76251,0.0,1,/opt/homebrew/Cellar/python@3.14/3.14.7/Frameworks/Python.framework/Versions/3.14/Resources/Python.app/Contents/MacOS/Python
24.7,80,13834,91257,1.0,21,/Applications/Microsoft
24.7,80,13834,91258,0.0,0,/Applications/Microsoft
24.7,80,13834,91259,0.0,2,/Applications/Microsoft
24.7,80,13834,91263,1.1,21,/Applications/Microsoft
24.7,80,13834,91265,0.0,0,/Applications/Microsoft
24.7,80,13834,91266,1.2,15,/Applications/Microsoft
24.7,80,13834,91268,0.6,7,/Applications/Microsoft
24.7,80,13834,91270,0.0,2,/Applications/Microsoft
24.7,80,13834,91271,0.4,15,/Applications/Microsoft
24.7,80,13834,91272,1.1,9,/Applications/Microsoft
24.7,80,13834,91279,51.4,227,/Applications/Microsoft
24.7,80,13834,91280,74.5,134,/Applications/Microsoft
24.7,80,13834,91295,0.0,4,/Applications/Microsoft
24.7,80,13834,91296,0.0,4,/Applications/Microsoft
24.7,80,13834,91305,0.0,5,/Applications/Microsoft
24.7,80,13834,91318,0.0,6,/Applications/Microsoft
25.5,156,13818,1760,0.0,0,/Applications/Microsoft
25.5,156,13818,2289,4.4,15,/Applications/Ollama.app/Contents/Resources/ollama
25.5,156,13818,3739,0.1,9,dist/Critero-kundkoll.app/Contents/MacOS/Kundkoll
25.5,156,13818,3752,23.4,6107,/Applications/Ollama.app/Contents/Resources/llama-server
25.5,156,13818,76251,0.0,1,/opt/homebrew/Cellar/python@3.14/3.14.7/Frameworks/Python.framework/Versions/3.14/Resources/Python.app/Contents/MacOS/Python
25.5,156,13818,91257,4.4,24,/Applications/Microsoft
25.5,156,13818,91258,0.0,0,/Applications/Microsoft
25.5,156,13818,91259,0.0,2,/Applications/Microsoft
25.5,156,13818,91263,4.6,36,/Applications/Microsoft
25.5,156,13818,91265,0.0,0,/Applications/Microsoft
25.5,156,13818,91266,6.9,28,/Applications/Microsoft
25.5,156,13818,91268,0.6,8,/Applications/Microsoft
25.5,156,13818,91270,0.0,2,/Applications/Microsoft
25.5,156,13818,91271,0.6,34,/Applications/Microsoft
25.5,156,13818,91272,0.0,7,/Applications/Microsoft
25.5,156,13818,91279,17.0,217,/Applications/Microsoft
25.5,156,13818,91280,49.6,126,/Applications/Microsoft
25.5,156,13818,91295,0.0,4,/Applications/Microsoft
25.5,156,13818,91296,0.0,4,/Applications/Microsoft
25.5,156,13818,91305,0.0,5,/Applications/Microsoft
25.5,156,13818,91318,0.0,6,/Applications/Microsoft
26.3,149,13818,1760,0.0,0,/Applications/Microsoft
26.3,149,13818,2289,0.0,10,/Applications/Ollama.app/Contents/Resources/ollama
26.3,149,13818,3739,0.0,9,dist/Critero-kundkoll.app/Contents/MacOS/Kundkoll
26.3,149,13818,3752,33.4,6069,/Applications/Ollama.app/Contents/Resources/llama-server
26.3,149,13818,76251,0.1,1,/opt/homebrew/Cellar/python@3.14/3.14.7/Frameworks/Python.framework/Versions/3.14/Resources/Python.app/Contents/MacOS/Python
26.3,149,13818,91257,5.7,22,/Applications/Microsoft
26.3,149,13818,91258,0.0,0,/Applications/Microsoft
26.3,149,13818,91259,0.0,2,/Applications/Microsoft
26.3,149,13818,91263,2.8,23,/Applications/Microsoft
26.3,149,13818,91265,0.0,0,/Applications/Microsoft
26.3,149,13818,91266,0.9,27,/Applications/Microsoft
26.3,149,13818,91268,0.0,7,/Applications/Microsoft
26.3,149,13818,91270,0.0,2,/Applications/Microsoft
26.3,149,13818,91271,0.0,18,/Applications/Microsoft
26.3,149,13818,91272,0.0,6,/Applications/Microsoft
26.3,149,13818,91279,10.5,119,/Applications/Microsoft
26.3,149,13818,91280,69.2,140,/Applications/Microsoft
26.3,149,13818,91295,0.0,4,/Applications/Microsoft
26.3,149,13818,91296,0.0,4,/Applications/Microsoft
26.3,149,13818,91305,0.0,5,/Applications/Microsoft
26.3,149,13818,91318,0.0,5,/Applications/Microsoft
27.0,90,13802,1760,0.0,0,/Applications/Microsoft
27.0,90,13802,2289,0.0,3,/Applications/Ollama.app/Contents/Resources/ollama
27.0,90,13802,3739,0.0,9,dist/Critero-kundkoll.app/Contents/MacOS/Kundkoll
27.0,90,13802,3752,38.0,6067,/Applications/Ollama.app/Contents/Resources/llama-server
27.0,90,13802,76251,0.2,1,/opt/homebrew/Cellar/python@3.14/3.14.7/Frameworks/Python.framework/Versions/3.14/Resources/Python.app/Contents/MacOS/Python
27.0,90,13802,91257,2.9,21,/Applications/Microsoft
27.0,90,13802,91258,0.0,0,/Applications/Microsoft
27.0,90,13802,91259,0.0,2,/Applications/Microsoft
27.0,90,13802,91263,1.6,19,/Applications/Microsoft
27.0,90,13802,91265,0.0,0,/Applications/Microsoft
27.0,90,13802,91266,0.2,22,/Applications/Microsoft
27.0,90,13802,91268,0.2,8,/Applications/Microsoft
27.0,90,13802,91270,0.0,2,/Applications/Microsoft
27.0,90,13802,91271,0.0,18,/Applications/Microsoft
27.0,90,13802,91272,0.5,8,/Applications/Microsoft
27.0,90,13802,91279,5.2,139,/Applications/Microsoft
27.0,90,13802,91280,65.3,132,/Applications/Microsoft
27.0,90,13802,91295,0.0,4,/Applications/Microsoft
27.0,90,13802,91296,0.0,4,/Applications/Microsoft
27.0,90,13802,91305,0.0,5,/Applications/Microsoft
27.0,90,13802,91318,0.0,5,/Applications/Microsoft
27.9,105,13896,1760,0.0,0,/Applications/Microsoft
27.9,105,13896,2289,2.2,9,/Applications/Ollama.app/Contents/Resources/ollama
27.9,105,13896,3739,0.0,8,dist/Critero-kundkoll.app/Contents/MacOS/Kundkoll
27.9,105,13896,3752,28.5,6070,/Applications/Ollama.app/Contents/Resources/llama-server
27.9,105,13896,76251,1.3,4,/opt/homebrew/Cellar/python@3.14/3.14.7/Frameworks/Python.framework/Versions/3.14/Resources/Python.app/Contents/MacOS/Python
27.9,105,13896,91257,1.1,15,/Applications/Microsoft
27.9,105,13896,91258,0.0,0,/Applications/Microsoft
27.9,105,13896,91259,0.0,2,/Applications/Microsoft
27.9,105,13896,91263,0.4,15,/Applications/Microsoft
27.9,105,13896,91265,0.0,0,/Applications/Microsoft
27.9,105,13896,91266,9.5,25,/Applications/Microsoft
27.9,105,13896,91268,0.0,4,/Applications/Microsoft
27.9,105,13896,91270,0.2,4,/Applications/Microsoft
27.9,105,13896,91271,0.0,13,/Applications/Microsoft
27.9,105,13896,91272,0.0,6,/Applications/Microsoft
27.9,105,13896,91279,21.5,133,/Applications/Microsoft
27.9,105,13896,91280,83.3,140,/Applications/Microsoft
27.9,105,13896,91295,0.0,4,/Applications/Microsoft
27.9,105,13896,91296,0.0,4,/Applications/Microsoft
27.9,105,13896,91305,0.0,5,/Applications/Microsoft
27.9,105,13896,91318,0.0,5,/Applications/Microsoft
28.9,133,13958,1760,0.0,0,/Applications/Microsoft
28.9,133,13958,2289,3.0,13,/Applications/Ollama.app/Contents/Resources/ollama
28.9,133,13958,3739,0.0,8,dist/Critero-kundkoll.app/Contents/MacOS/Kundkoll
28.9,133,13958,3752,25.6,6093,/Applications/Ollama.app/Contents/Resources/llama-server
28.9,133,13958,76251,0.1,1,/opt/homebrew/Cellar/python@3.14/3.14.7/Frameworks/Python.framework/Versions/3.14/Resources/Python.app/Contents/MacOS/Python
28.9,133,13958,91257,0.7,11,/Applications/Microsoft
28.9,133,13958,91258,0.0,0,/Applications/Microsoft
28.9,133,13958,91259,0.0,2,/Applications/Microsoft
28.9,133,13958,91263,1.2,17,/Applications/Microsoft
28.9,133,13958,91265,0.0,0,/Applications/Microsoft
28.9,133,13958,91266,0.3,12,/Applications/Microsoft
28.9,133,13958,91268,0.0,3,/Applications/Microsoft
28.9,133,13958,91270,0.0,2,/Applications/Microsoft
28.9,133,13958,91271,0.0,11,/Applications/Microsoft
28.9,133,13958,91272,0.7,9,/Applications/Microsoft
28.9,133,13958,91279,1.6,49,/Applications/Microsoft
28.9,133,13958,91280,64.9,135,/Applications/Microsoft
28.9,133,13958,91295,0.0,5,/Applications/Microsoft
28.9,133,13958,91296,0.0,4,/Applications/Microsoft
28.9,133,13958,91305,0.0,5,/Applications/Microsoft
28.9,133,13958,91318,0.0,5,/Applications/Microsoft
30.0,118,13926,1760,0.0,0,/Applications/Microsoft
30.0,118,13926,2289,0.1,5,/Applications/Ollama.app/Contents/Resources/ollama
30.0,118,13926,3739,0.0,8,dist/Critero-kundkoll.app/Contents/MacOS/Kundkoll
30.0,118,13926,3752,32.0,6067,/Applications/Ollama.app/Contents/Resources/llama-server
30.0,118,13926,76251,0.0,1,/opt/homebrew/Cellar/python@3.14/3.14.7/Frameworks/Python.framework/Versions/3.14/Resources/Python.app/Contents/MacOS/Python
30.0,118,13926,91257,1.8,15,/Applications/Microsoft
30.0,118,13926,91258,0.0,0,/Applications/Microsoft
30.0,118,13926,91259,0.0,2,/Applications/Microsoft
30.0,118,13926,91263,7.4,45,/Applications/Microsoft
30.0,118,13926,91265,0.0,0,/Applications/Microsoft
30.0,118,13926,91266,1.2,16,/Applications/Microsoft
30.0,118,13926,91268,0.0,3,/Applications/Microsoft
30.0,118,13926,91270,0.0,2,/Applications/Microsoft
30.0,118,13926,91271,0.0,11,/Applications/Microsoft
30.0,118,13926,91272,0.0,6,/Applications/Microsoft
30.0,118,13926,91279,11.0,125,/Applications/Microsoft
30.0,118,13926,91280,64.3,119,/Applications/Microsoft
30.0,118,13926,91295,0.0,4,/Applications/Microsoft
30.0,118,13926,91296,0.0,4,/Applications/Microsoft
30.0,118,13926,91305,0.0,5,/Applications/Microsoft
30.0,118,13926,91318,0.0,5,/Applications/Microsoft
30.8,102,13949,1760,0.0,0,/Applications/Microsoft
30.8,102,13949,2289,0.0,5,/Applications/Ollama.app/Contents/Resources/ollama
30.8,102,13949,3739,0.0,8,dist/Critero-kundkoll.app/Contents/MacOS/Kundkoll
30.8,102,13949,3752,39.9,6089,/Applications/Ollama.app/Contents/Resources/llama-server
30.8,102,13949,76251,0.1,1,/opt/homebrew/Cellar/python@3.14/3.14.7/Frameworks/Python.framework/Versions/3.14/Resources/Python.app/Contents/MacOS/Python
30.8,102,13949,91257,2.1,15,/Applications/Microsoft
30.8,102,13949,91258,0.0,0,/Applications/Microsoft
30.8,102,13949,91259,0.0,2,/Applications/Microsoft
30.8,102,13949,91263,0.2,9,/Applications/Microsoft
30.8,102,13949,91265,0.0,0,/Applications/Microsoft
30.8,102,13949,91266,0.7,23,/Applications/Microsoft
30.8,102,13949,91268,0.0,3,/Applications/Microsoft
30.8,102,13949,91270,0.0,2,/Applications/Microsoft
30.8,102,13949,91271,0.0,10,/Applications/Microsoft
30.8,102,13949,91272,0.0,6,/Applications/Microsoft
30.8,102,13949,91279,3.1,82,/Applications/Microsoft
30.8,102,13949,91280,65.2,110,/Applications/Microsoft
30.8,102,13949,91295,0.0,4,/Applications/Microsoft
30.8,102,13949,91296,0.0,4,/Applications/Microsoft
30.8,102,13949,91305,0.0,5,/Applications/Microsoft
30.8,102,13949,91318,0.0,5,/Applications/Microsoft
31.7,164,13941,1760,0.0,0,/Applications/Microsoft
31.7,164,13941,2289,24.4,40,/Applications/Ollama.app/Contents/Resources/ollama
31.7,164,13941,3739,0.8,11,dist/Critero-kundkoll.app/Contents/MacOS/Kundkoll
31.7,164,13941,3752,9.6,6085,/Applications/Ollama.app/Contents/Resources/llama-server
31.7,164,13941,76251,0.0,0,/opt/homebrew/Cellar/python@3.14/3.14.7/Frameworks/Python.framework/Versions/3.14/Resources/Python.app/Contents/MacOS/Python
31.7,164,13941,91257,1.8,13,/Applications/Microsoft
31.7,164,13941,91258,0.0,0,/Applications/Microsoft
31.7,164,13941,91259,0.0,2,/Applications/Microsoft
31.7,164,13941,91263,0.1,14,/Applications/Microsoft
31.7,164,13941,91265,0.0,0,/Applications/Microsoft
31.7,164,13941,91266,0.7,23,/Applications/Microsoft
31.7,164,13941,91268,0.0,3,/Applications/Microsoft
31.7,164,13941,91270,0.3,6,/Applications/Microsoft
31.7,164,13941,91271,0.0,10,/Applications/Microsoft
31.7,164,13941,91272,0.0,7,/Applications/Microsoft
31.7,164,13941,91279,8.0,122,/Applications/Microsoft
31.7,164,13941,91280,42.6,113,/Applications/Microsoft
31.7,164,13941,91295,0.0,4,/Applications/Microsoft
31.7,164,13941,91296,0.0,4,/Applications/Microsoft
31.7,164,13941,91305,0.0,5,/Applications/Microsoft
31.7,164,13941,91318,0.0,5,/Applications/Microsoft
32.4,99,13917,1760,0.0,0,/Applications/Microsoft
32.4,99,13917,2289,0.7,10,/Applications/Ollama.app/Contents/Resources/ollama
32.4,99,13917,3739,0.0,8,dist/Critero-kundkoll.app/Contents/MacOS/Kundkoll
32.4,99,13917,3752,34.7,6091,/Applications/Ollama.app/Contents/Resources/llama-server
32.4,99,13917,76251,0.0,0,/opt/homebrew/Cellar/python@3.14/3.14.7/Frameworks/Python.framework/Versions/3.14/Resources/Python.app/Contents/MacOS/Python
32.4,99,13917,91257,1.7,16,/Applications/Microsoft
32.4,99,13917,91258,0.0,0,/Applications/Microsoft
32.4,99,13917,91259,0.0,2,/Applications/Microsoft
32.4,99,13917,91263,1.3,15,/Applications/Microsoft
32.4,99,13917,91265,0.0,0,/Applications/Microsoft
32.4,99,13917,91266,4.0,20,/Applications/Microsoft
32.4,99,13917,91268,0.0,3,/Applications/Microsoft
32.4,99,13917,91270,0.0,2,/Applications/Microsoft
32.4,99,13917,91271,0.5,32,/Applications/Microsoft
32.4,99,13917,91272,0.0,6,/Applications/Microsoft
32.4,99,13917,91279,13.9,83,/Applications/Microsoft
32.4,99,13917,91280,83.6,136,/Applications/Microsoft
32.4,99,13917,91295,0.0,4,/Applications/Microsoft
32.4,99,13917,91296,0.0,4,/Applications/Microsoft
32.4,99,13917,91305,0.1,7,/Applications/Microsoft
32.4,99,13917,91318,0.0,4,/Applications/Microsoft
33.3,99,13936,1760,0.0,0,/Applications/Microsoft
33.3,99,13936,2289,0.0,8,/Applications/Ollama.app/Contents/Resources/ollama
33.3,99,13936,3739,0.0,8,dist/Critero-kundkoll.app/Contents/MacOS/Kundkoll
33.3,99,13936,3752,38.8,6068,/Applications/Ollama.app/Contents/Resources/llama-server
33.3,99,13936,76251,0.0,1,/opt/homebrew/Cellar/python@3.14/3.14.7/Frameworks/Python.framework/Versions/3.14/Resources/Python.app/Contents/MacOS/Python
33.3,99,13936,91257,2.7,14,/Applications/Microsoft
33.3,99,13936,91258,0.0,0,/Applications/Microsoft
33.3,99,13936,91259,0.0,2,/Applications/Microsoft
33.3,99,13936,91263,0.1,11,/Applications/Microsoft
33.3,99,13936,91265,0.0,0,/Applications/Microsoft
33.3,99,13936,91266,0.2,22,/Applications/Microsoft
33.3,99,13936,91268,0.0,3,/Applications/Microsoft
33.3,99,13936,91270,0.0,2,/Applications/Microsoft
33.3,99,13936,91271,1.0,19,/Applications/Microsoft
33.3,99,13936,91272,0.2,9,/Applications/Microsoft
33.3,99,13936,91279,7.4,82,/Applications/Microsoft
33.3,99,13936,91280,80.3,138,/Applications/Microsoft
33.3,99,13936,91295,0.0,4,/Applications/Microsoft
33.3,99,13936,91296,0.0,4,/Applications/Microsoft
33.3,99,13936,91305,0.0,4,/Applications/Microsoft
33.3,99,13936,91318,0.0,4,/Applications/Microsoft
34.2,88,13928,1760,0.0,0,/Applications/Microsoft
34.2,88,13928,2289,0.1,3,/Applications/Ollama.app/Contents/Resources/ollama
34.2,88,13928,3739,0.0,8,dist/Critero-kundkoll.app/Contents/MacOS/Kundkoll
34.2,88,13928,3752,32.7,6090,/Applications/Ollama.app/Contents/Resources/llama-server
34.2,88,13928,76251,0.1,2,/opt/homebrew/Cellar/python@3.14/3.14.7/Frameworks/Python.framework/Versions/3.14/Resources/Python.app/Contents/MacOS/Python
34.2,88,13928,91257,3.2,14,/Applications/Microsoft
34.2,88,13928,91258,0.0,0,/Applications/Microsoft
34.2,88,13928,91259,0.0,2,/Applications/Microsoft
34.2,88,13928,91263,0.8,12,/Applications/Microsoft
34.2,88,13928,91265,0.0,0,/Applications/Microsoft
34.2,88,13928,91266,7.6,21,/Applications/Microsoft
34.2,88,13928,91268,0.3,4,/Applications/Microsoft
34.2,88,13928,91270,0.0,1,/Applications/Microsoft
34.2,88,13928,91271,0.0,10,/Applications/Microsoft
34.2,88,13928,91272,0.3,8,/Applications/Microsoft
34.2,88,13928,91279,21.7,93,/Applications/Microsoft
34.2,88,13928,91280,66.1,132,/Applications/Microsoft
34.2,88,13928,91295,0.0,5,/Applications/Microsoft
34.2,88,13928,91296,0.0,5,/Applications/Microsoft
34.2,88,13928,91305,0.0,2,/Applications/Microsoft
34.2,88,13928,91318,0.0,2,/Applications/Microsoft
35.4,136,13962,1760,0.0,0,/Applications/Microsoft
35.4,136,13962,2289,31.1,38,/Applications/Ollama.app/Contents/Resources/ollama
35.4,136,13962,3739,1.5,10,dist/Critero-kundkoll.app/Contents/MacOS/Kundkoll
35.4,136,13962,3752,9.9,6081,/Applications/Ollama.app/Contents/Resources/llama-server
35.4,136,13962,76251,0.0,2,/opt/homebrew/Cellar/python@3.14/3.14.7/Frameworks/Python.framework/Versions/3.14/Resources/Python.app/Contents/MacOS/Python
35.4,136,13962,91257,13.0,17,/Applications/Microsoft
35.4,136,13962,91258,0.0,0,/Applications/Microsoft
35.4,136,13962,91259,0.0,2,/Applications/Microsoft
35.4,136,13962,91263,0.7,13,/Applications/Microsoft
35.4,136,13962,91265,0.0,0,/Applications/Microsoft
35.4,136,13962,91266,0.7,21,/Applications/Microsoft
35.4,136,13962,91268,0.2,2,/Applications/Microsoft
35.4,136,13962,91270,0.0,1,/Applications/Microsoft
35.4,136,13962,91271,0.1,10,/Applications/Microsoft
35.4,136,13962,91272,0.7,8,/Applications/Microsoft
35.4,136,13962,91279,9.1,79,/Applications/Microsoft
35.4,136,13962,91280,55.1,135,/Applications/Microsoft
35.4,136,13962,91295,0.1,5,/Applications/Microsoft
35.4,136,13962,91296,0.0,3,/Applications/Microsoft
35.4,136,13962,91305,0.0,2,/Applications/Microsoft
35.4,136,13962,91318,0.0,2,/Applications/Microsoft
36.1,125,14003,1760,0.0,0,/Applications/Microsoft
36.1,125,14003,2289,1.4,11,/Applications/Ollama.app/Contents/Resources/ollama
36.1,125,14003,3739,0.0,10,dist/Critero-kundkoll.app/Contents/MacOS/Kundkoll
36.1,125,14003,3752,29.4,6091,/Applications/Ollama.app/Contents/Resources/llama-server
36.1,125,14003,76251,0.0,1,/opt/homebrew/Cellar/python@3.14/3.14.7/Frameworks/Python.framework/Versions/3.14/Resources/Python.app/Contents/MacOS/Python
36.1,125,14003,91257,1.9,15,/Applications/Microsoft
36.1,125,14003,91258,0.0,0,/Applications/Microsoft
36.1,125,14003,91259,0.0,2,/Applications/Microsoft
36.1,125,14003,91263,0.3,12,/Applications/Microsoft
36.1,125,14003,91265,0.0,0,/Applications/Microsoft
36.1,125,14003,91266,0.4,13,/Applications/Microsoft
36.1,125,14003,91268,0.0,2,/Applications/Microsoft
36.1,125,14003,91270,0.1,3,/Applications/Microsoft
36.1,125,14003,91271,0.0,8,/Applications/Microsoft
36.1,125,14003,91272,0.0,8,/Applications/Microsoft
36.1,125,14003,91279,0.5,30,/Applications/Microsoft
36.1,125,14003,91280,75.4,128,/Applications/Microsoft
36.1,125,14003,91295,0.0,5,/Applications/Microsoft
36.1,125,14003,91296,0.0,3,/Applications/Microsoft
36.1,125,14003,91305,0.0,2,/Applications/Microsoft
36.1,125,14003,91318,0.6,6,/Applications/Microsoft
36.9,112,14010,1760,0.0,0,/Applications/Microsoft
36.9,112,14010,2289,0.0,10,/Applications/Ollama.app/Contents/Resources/ollama
36.9,112,14010,3739,0.0,8,dist/Critero-kundkoll.app/Contents/MacOS/Kundkoll
36.9,112,14010,3752,36.4,6068,/Applications/Ollama.app/Contents/Resources/llama-server
36.9,112,14010,76251,0.0,1,/opt/homebrew/Cellar/python@3.14/3.14.7/Frameworks/Python.framework/Versions/3.14/Resources/Python.app/Contents/MacOS/Python
36.9,112,14010,91257,1.0,13,/Applications/Microsoft
36.9,112,14010,91258,0.0,0,/Applications/Microsoft
36.9,112,14010,91259,0.0,2,/Applications/Microsoft
36.9,112,14010,91263,0.3,9,/Applications/Microsoft
36.9,112,14010,91265,0.0,0,/Applications/Microsoft
36.9,112,14010,91266,0.5,20,/Applications/Microsoft
36.9,112,14010,91268,0.0,2,/Applications/Microsoft
36.9,112,14010,91270,0.0,1,/Applications/Microsoft
36.9,112,14010,91271,0.0,8,/Applications/Microsoft
36.9,112,14010,91272,1.1,9,/Applications/Microsoft
36.9,112,14010,91279,3.6,82,/Applications/Microsoft
36.9,112,14010,91280,77.1,138,/Applications/Microsoft
36.9,112,14010,91295,0.0,3,/Applications/Microsoft
36.9,112,14010,91296,0.0,3,/Applications/Microsoft
36.9,112,14010,91305,0.0,2,/Applications/Microsoft
36.9,112,14010,91318,0.0,3,/Applications/Microsoft
37.7,136,14002,1760,0.0,0,/Applications/Microsoft
37.7,136,14002,2289,0.0,5,/Applications/Ollama.app/Contents/Resources/ollama
37.7,136,14002,3739,0.0,8,dist/Critero-kundkoll.app/Contents/MacOS/Kundkoll
37.7,136,14002,3752,42.6,6068,/Applications/Ollama.app/Contents/Resources/llama-server
37.7,136,14002,76251,0.0,1,/opt/homebrew/Cellar/python@3.14/3.14.7/Frameworks/Python.framework/Versions/3.14/Resources/Python.app/Contents/MacOS/Python
37.7,136,14002,91257,1.9,14,/Applications/Microsoft
37.7,136,14002,91258,0.0,0,/Applications/Microsoft
37.7,136,14002,91259,0.0,2,/Applications/Microsoft
37.7,136,14002,91263,0.1,11,/Applications/Microsoft
37.7,136,14002,91265,0.0,0,/Applications/Microsoft
37.7,136,14002,91266,1.6,21,/Applications/Microsoft
37.7,136,14002,91268,0.0,2,/Applications/Microsoft
37.7,136,14002,91270,0.0,1,/Applications/Microsoft
37.7,136,14002,91271,0.0,7,/Applications/Microsoft
37.7,136,14002,91272,0.0,10,/Applications/Microsoft
37.7,136,14002,91279,6.2,79,/Applications/Microsoft
37.7,136,14002,91280,73.8,135,/Applications/Microsoft
37.7,136,14002,91295,0.0,3,/Applications/Microsoft
37.7,136,14002,91296,0.0,3,/Applications/Microsoft
37.7,136,14002,91305,0.0,2,/Applications/Microsoft
37.7,136,14002,91318,0.0,3,/Applications/Microsoft
38.4,117,13992,1760,0.0,0,/Applications/Microsoft
38.4,117,13992,2289,0.1,5,/Applications/Ollama.app/Contents/Resources/ollama
38.4,117,13992,3739,0.0,8,dist/Critero-kundkoll.app/Contents/MacOS/Kundkoll
38.4,117,13992,3752,46.0,6090,/Applications/Ollama.app/Contents/Resources/llama-server
38.4,117,13992,76251,0.0,1,/opt/homebrew/Cellar/python@3.14/3.14.7/Frameworks/Python.framework/Versions/3.14/Resources/Python.app/Contents/MacOS/Python
38.4,117,13992,91257,1.0,12,/Applications/Microsoft
38.4,117,13992,91258,0.0,0,/Applications/Microsoft
38.4,117,13992,91259,0.0,2,/Applications/Microsoft
38.4,117,13992,91263,0.8,41,/Applications/Microsoft
38.4,117,13992,91265,0.0,0,/Applications/Microsoft
38.4,117,13992,91266,1.2,21,/Applications/Microsoft
38.4,117,13992,91268,0.0,2,/Applications/Microsoft
38.4,117,13992,91270,0.0,1,/Applications/Microsoft
38.4,117,13992,91271,0.0,7,/Applications/Microsoft
38.4,117,13992,91272,0.0,6,/Applications/Microsoft
38.4,117,13992,91279,4.1,80,/Applications/Microsoft
38.4,117,13992,91280,53.1,119,/Applications/Microsoft
38.4,117,13992,91295,0.0,3,/Applications/Microsoft
38.4,117,13992,91296,0.0,3,/Applications/Microsoft
38.4,117,13992,91305,0.0,2,/Applications/Microsoft
38.4,117,13992,91318,0.0,3,/Applications/Microsoft
39.1,126,13984,1760,0.0,0,/Applications/Microsoft
39.1,126,13984,2289,10.2,40,/Applications/Ollama.app/Contents/Resources/ollama
39.1,126,13984,3739,0.3,11,dist/Critero-kundkoll.app/Contents/MacOS/Kundkoll
39.1,126,13984,3752,33.2,6107,/Applications/Ollama.app/Contents/Resources/llama-server
39.1,126,13984,76251,0.1,4,/opt/homebrew/Cellar/python@3.14/3.14.7/Frameworks/Python.framework/Versions/3.14/Resources/Python.app/Contents/MacOS/Python
39.1,126,13984,91257,1.3,14,/Applications/Microsoft
39.1,126,13984,91258,0.0,0,/Applications/Microsoft
39.1,126,13984,91259,0.0,2,/Applications/Microsoft
39.1,126,13984,91263,0.0,12,/Applications/Microsoft
39.1,126,13984,91265,0.0,0,/Applications/Microsoft
39.1,126,13984,91266,0.2,12,/Applications/Microsoft
39.1,126,13984,91268,0.0,2,/Applications/Microsoft
39.1,126,13984,91270,0.0,1,/Applications/Microsoft
39.1,126,13984,91271,0.0,7,/Applications/Microsoft
39.1,126,13984,91272,0.2,9,/Applications/Microsoft
39.1,126,13984,91279,2.5,35,/Applications/Microsoft
39.1,126,13984,91280,55.8,112,/Applications/Microsoft
39.1,126,13984,91295,0.0,5,/Applications/Microsoft
39.1,126,13984,91296,0.0,3,/Applications/Microsoft
39.1,126,13984,91305,0.0,2,/Applications/Microsoft
39.1,126,13984,91318,0.0,3,/Applications/Microsoft
39.9,131,13984,1760,0.0,0,/Applications/Microsoft
39.9,131,13984,2289,0.1,11,/Applications/Ollama.app/Contents/Resources/ollama
39.9,131,13984,3739,0.0,8,dist/Critero-kundkoll.app/Contents/MacOS/Kundkoll
39.9,131,13984,3752,31.5,6090,/Applications/Ollama.app/Contents/Resources/llama-server
39.9,131,13984,76251,0.0,2,/opt/homebrew/Cellar/python@3.14/3.14.7/Frameworks/Python.framework/Versions/3.14/Resources/Python.app/Contents/MacOS/Python
39.9,131,13984,91257,1.6,14,/Applications/Microsoft
39.9,131,13984,91258,0.0,0,/Applications/Microsoft
39.9,131,13984,91259,0.0,2,/Applications/Microsoft
39.9,131,13984,91263,0.0,7,/Applications/Microsoft
39.9,131,13984,91265,0.0,0,/Applications/Microsoft
39.9,131,13984,91266,0.7,21,/Applications/Microsoft
39.9,131,13984,91268,0.0,2,/Applications/Microsoft
39.9,131,13984,91270,0.0,1,/Applications/Microsoft
39.9,131,13984,91271,0.0,7,/Applications/Microsoft
39.9,131,13984,91272,0.0,7,/Applications/Microsoft
39.9,131,13984,91279,4.9,150,/Applications/Microsoft
39.9,131,13984,91280,93.8,137,/Applications/Microsoft
39.9,131,13984,91295,0.0,3,/Applications/Microsoft
39.9,131,13984,91296,0.0,4,/Applications/Microsoft
39.9,131,13984,91305,0.0,2,/Applications/Microsoft
39.9,131,13984,91318,0.0,3,/Applications/Microsoft
40.6,54,14025,1760,0.0,0,/Applications/Microsoft
40.6,54,14025,2289,0.0,6,/Applications/Ollama.app/Contents/Resources/ollama
40.6,54,14025,3739,0.0,8,dist/Critero-kundkoll.app/Contents/MacOS/Kundkoll
40.6,54,14025,3752,38.1,6076,/Applications/Ollama.app/Contents/Resources/llama-server
40.6,54,14025,76251,0.0,1,/opt/homebrew/Cellar/python@3.14/3.14.7/Frameworks/Python.framework/Versions/3.14/Resources/Python.app/Contents/MacOS/Python
40.6,54,14025,91257,1.0,11,/Applications/Microsoft
40.6,54,14025,91258,0.0,0,/Applications/Microsoft
40.6,54,14025,91259,0.0,2,/Applications/Microsoft
40.6,54,14025,91263,0.3,14,/Applications/Microsoft
40.6,54,14025,91265,0.0,0,/Applications/Microsoft
40.6,54,14025,91266,2.3,21,/Applications/Microsoft
40.6,54,14025,91268,0.0,4,/Applications/Microsoft
40.6,54,14025,91270,0.0,1,/Applications/Microsoft
40.6,54,14025,91271,0.0,7,/Applications/Microsoft
40.6,54,14025,91272,0.0,6,/Applications/Microsoft
40.6,54,14025,91279,5.0,80,/Applications/Microsoft
40.6,54,14025,91280,80.4,138,/Applications/Microsoft
40.6,54,14025,91295,0.0,3,/Applications/Microsoft
40.6,54,14025,91296,0.0,3,/Applications/Microsoft
40.6,54,14025,91305,0.0,2,/Applications/Microsoft
40.6,54,14025,91318,0.0,3,/Applications/Microsoft
41.5,125,14397,1760,0.0,0,/Applications/Microsoft
41.5,125,14397,2289,2.9,33,/Applications/Ollama.app/Contents/Resources/ollama
41.5,125,14397,3739,2.8,11,dist/Critero-kundkoll.app/Contents/MacOS/Kundkoll
41.5,125,14397,3752,16.6,6067,/Applications/Ollama.app/Contents/Resources/llama-server
41.5,125,14397,76251,0.0,1,/opt/homebrew/Cellar/python@3.14/3.14.7/Frameworks/Python.framework/Versions/3.14/Resources/Python.app/Contents/MacOS/Python
41.5,125,14397,91257,1.3,13,/Applications/Microsoft
41.5,125,14397,91258,0.0,0,/Applications/Microsoft
41.5,125,14397,91259,0.0,2,/Applications/Microsoft
41.5,125,14397,91263,0.7,13,/Applications/Microsoft
41.5,125,14397,91265,0.0,0,/Applications/Microsoft
41.5,125,14397,91266,2.6,21,/Applications/Microsoft
41.5,125,14397,91268,0.0,2,/Applications/Microsoft
41.5,125,14397,91270,0.4,4,/Applications/Microsoft
41.5,125,14397,91271,0.0,7,/Applications/Microsoft
41.5,125,14397,91272,0.1,9,/Applications/Microsoft
41.5,125,14397,91279,13.7,90,/Applications/Microsoft
41.5,125,14397,91280,65.1,130,/Applications/Microsoft
41.5,125,14397,91295,0.0,3,/Applications/Microsoft
41.5,125,14397,91296,0.0,3,/Applications/Microsoft
41.5,125,14397,91305,0.0,2,/Applications/Microsoft
41.5,125,14397,91318,0.0,3,/Applications/Microsoft
42.2,78,14494,1760,0.0,0,/Applications/Microsoft
42.2,78,14494,2289,1.5,10,/Applications/Ollama.app/Contents/Resources/ollama
42.2,78,14494,3739,0.0,7,dist/Critero-kundkoll.app/Contents/MacOS/Kundkoll
42.2,78,14494,3752,29.2,6088,/Applications/Ollama.app/Contents/Resources/llama-server
42.2,78,14494,76251,0.0,1,/opt/homebrew/Cellar/python@3.14/3.14.7/Frameworks/Python.framework/Versions/3.14/Resources/Python.app/Contents/MacOS/Python
42.2,78,14494,91257,1.3,11,/Applications/Microsoft
42.2,78,14494,91258,0.0,0,/Applications/Microsoft
42.2,78,14494,91259,0.0,2,/Applications/Microsoft
42.2,78,14494,91263,2.1,10,/Applications/Microsoft
42.2,78,14494,91265,0.0,0,/Applications/Microsoft
42.2,78,14494,91266,5.0,21,/Applications/Microsoft
42.2,78,14494,91268,0.1,3,/Applications/Microsoft
42.2,78,14494,91270,0.0,2,/Applications/Microsoft
42.2,78,14494,91271,0.0,6,/Applications/Microsoft
42.2,78,14494,91272,0.1,6,/Applications/Microsoft
42.2,78,14494,91279,16.1,79,/Applications/Microsoft
42.2,78,14494,91280,83.3,129,/Applications/Microsoft
42.2,78,14494,91295,0.0,3,/Applications/Microsoft
42.2,78,14494,91296,0.0,3,/Applications/Microsoft
42.2,78,14494,91305,0.0,2,/Applications/Microsoft
42.2,78,14494,91318,0.0,3,/Applications/Microsoft
43.6,108,14517,1760,0.0,0,/Applications/Microsoft
43.6,108,14517,2289,0.1,4,/Applications/Ollama.app/Contents/Resources/ollama
43.6,108,14517,3739,0.0,7,dist/Critero-kundkoll.app/Contents/MacOS/Kundkoll
43.6,108,14517,3752,36.3,6066,/Applications/Ollama.app/Contents/Resources/llama-server
43.6,108,14517,76251,0.4,2,/opt/homebrew/Cellar/python@3.14/3.14.7/Frameworks/Python.framework/Versions/3.14/Resources/Python.app/Contents/MacOS/Python
43.6,108,14517,91257,3.9,15,/Applications/Microsoft
43.6,108,14517,91258,0.0,0,/Applications/Microsoft
43.6,108,14517,91259,0.0,2,/Applications/Microsoft
43.6,108,14517,91263,0.7,11,/Applications/Microsoft
43.6,108,14517,91265,0.0,0,/Applications/Microsoft
43.6,108,14517,91266,2.8,20,/Applications/Microsoft
43.6,108,14517,91268,0.0,3,/Applications/Microsoft
43.6,108,14517,91270,0.5,5,/Applications/Microsoft
43.6,108,14517,91271,0.0,7,/Applications/Microsoft
43.6,108,14517,91272,0.1,5,/Applications/Microsoft
43.6,108,14517,91279,19.1,76,/Applications/Microsoft
43.6,108,14517,91280,92.9,135,/Applications/Microsoft
43.6,108,14517,91295,0.0,4,/Applications/Microsoft
43.6,108,14517,91296,0.0,4,/Applications/Microsoft
43.6,108,14517,91305,0.0,3,/Applications/Microsoft
43.6,108,14517,91318,0.0,3,/Applications/Microsoft
44.5,120,14535,1760,0.0,0,/Applications/Microsoft
44.5,120,14535,2289,0.0,3,/Applications/Ollama.app/Contents/Resources/ollama
44.5,120,14535,3739,0.2,8,dist/Critero-kundkoll.app/Contents/MacOS/Kundkoll
44.5,120,14535,3752,32.8,6066,/Applications/Ollama.app/Contents/Resources/llama-server
44.5,120,14535,76251,0.1,2,/opt/homebrew/Cellar/python@3.14/3.14.7/Frameworks/Python.framework/Versions/3.14/Resources/Python.app/Contents/MacOS/Python
44.5,120,14535,91257,3.2,15,/Applications/Microsoft
44.5,120,14535,91258,0.0,0,/Applications/Microsoft
44.5,120,14535,91259,0.0,2,/Applications/Microsoft
44.5,120,14535,91263,1.2,16,/Applications/Microsoft
44.5,120,14535,91265,0.0,0,/Applications/Microsoft
44.5,120,14535,91266,3.2,21,/Applications/Microsoft
44.5,120,14535,91268,0.0,3,/Applications/Microsoft
44.5,120,14535,91270,0.0,6,/Applications/Microsoft
44.5,120,14535,91271,1.1,9,/Applications/Microsoft
44.5,120,14535,91272,0.4,6,/Applications/Microsoft
44.5,120,14535,91279,12.2,85,/Applications/Microsoft
44.5,120,14535,91280,90.4,132,/Applications/Microsoft
44.5,120,14535,91295,0.5,5,/Applications/Microsoft
44.5,120,14535,91296,0.1,4,/Applications/Microsoft
44.5,120,14535,91305,0.0,3,/Applications/Microsoft
44.5,120,14535,91318,0.0,3,/Applications/Microsoft
45.4,108,14519,1760,0.0,0,/Applications/Microsoft
45.4,108,14519,2289,7.4,40,/Applications/Ollama.app/Contents/Resources/ollama
45.4,108,14519,3739,3.2,10,dist/Critero-kundkoll.app/Contents/MacOS/Kundkoll
45.4,108,14519,3752,23.3,6079,/Applications/Ollama.app/Contents/Resources/llama-server
45.4,108,14519,76251,0.0,2,/opt/homebrew/Cellar/python@3.14/3.14.7/Frameworks/Python.framework/Versions/3.14/Resources/Python.app/Contents/MacOS/Python
45.4,108,14519,91257,0.9,12,/Applications/Microsoft
45.4,108,14519,91258,0.0,0,/Applications/Microsoft
45.4,108,14519,91259,0.0,2,/Applications/Microsoft
45.4,108,14519,91263,0.5,13,/Applications/Microsoft
45.4,108,14519,91265,0.0,0,/Applications/Microsoft
45.4,108,14519,91266,2.5,21,/Applications/Microsoft
45.4,108,14519,91268,0.0,3,/Applications/Microsoft
45.4,108,14519,91270,0.0,4,/Applications/Microsoft
45.4,108,14519,91271,0.3,10,/Applications/Microsoft
45.4,108,14519,91272,0.1,9,/Applications/Microsoft
45.4,108,14519,91279,9.3,80,/Applications/Microsoft
45.4,108,14519,91280,79.9,116,/Applications/Microsoft
45.4,108,14519,91295,0.0,4,/Applications/Microsoft
45.4,108,14519,91296,0.0,4,/Applications/Microsoft
45.4,108,14519,91305,0.0,3,/Applications/Microsoft
45.4,108,14519,91318,0.0,3,/Applications/Microsoft
46.0,86,14531,1760,0.0,0,/Applications/Microsoft
46.0,86,14531,2289,3.5,11,/Applications/Ollama.app/Contents/Resources/ollama
46.0,86,14531,3739,0.2,7,dist/Critero-kundkoll.app/Contents/MacOS/Kundkoll
46.0,86,14531,3752,2.5,6064,/Applications/Ollama.app/Contents/Resources/llama-server
46.0,86,14531,76251,0.1,1,/opt/homebrew/Cellar/python@3.14/3.14.7/Frameworks/Python.framework/Versions/3.14/Resources/Python.app/Contents/MacOS/Python
46.0,86,14531,91257,1.2,13,/Applications/Microsoft
46.0,86,14531,91258,0.0,0,/Applications/Microsoft
46.0,86,14531,91259,0.0,2,/Applications/Microsoft
46.0,86,14531,91263,13.4,42,/Applications/Microsoft
46.0,86,14531,91265,0.0,0,/Applications/Microsoft
46.0,86,14531,91266,0.0,11,/Applications/Microsoft
46.0,86,14531,91268,0.0,3,/Applications/Microsoft
46.0,86,14531,91270,0.0,3,/Applications/Microsoft
46.0,86,14531,91271,0.0,9,/Applications/Microsoft
46.0,86,14531,91272,0.3,8,/Applications/Microsoft
46.0,86,14531,91279,1.5,33,/Applications/Microsoft
46.0,86,14531,91280,77.5,110,/Applications/Microsoft
46.0,86,14531,91295,0.1,5,/Applications/Microsoft
46.0,86,14531,91296,0.0,4,/Applications/Microsoft
46.0,86,14531,91305,0.0,3,/Applications/Microsoft
46.0,86,14531,91318,0.0,3,/Applications/Microsoft
46.9,120,14523,1760,0.0,0,/Applications/Microsoft
46.9,120,14523,2289,0.0,11,/Applications/Ollama.app/Contents/Resources/ollama
46.9,120,14523,3739,0.0,6,dist/Critero-kundkoll.app/Contents/MacOS/Kundkoll
46.9,120,14523,3752,36.0,6066,/Applications/Ollama.app/Contents/Resources/llama-server
46.9,120,14523,76251,0.0,1,/opt/homebrew/Cellar/python@3.14/3.14.7/Frameworks/Python.framework/Versions/3.14/Resources/Python.app/Contents/MacOS/Python
46.9,120,14523,91257,1.6,14,/Applications/Microsoft
46.9,120,14523,91258,0.0,0,/Applications/Microsoft
46.9,120,14523,91259,0.0,2,/Applications/Microsoft
46.9,120,14523,91263,7.7,25,/Applications/Microsoft
46.9,120,14523,91265,0.0,0,/Applications/Microsoft
46.9,120,14523,91266,0.4,20,/Applications/Microsoft
46.9,120,14523,91268,0.3,5,/Applications/Microsoft
46.9,120,14523,91270,0.0,3,/Applications/Microsoft
46.9,120,14523,91271,0.0,9,/Applications/Microsoft
46.9,120,14523,91272,0.0,6,/Applications/Microsoft
46.9,120,14523,91279,13.3,94,/Applications/Microsoft
46.9,120,14523,91280,77.3,112,/Applications/Microsoft
46.9,120,14523,91295,0.0,4,/Applications/Microsoft
46.9,120,14523,91296,0.0,4,/Applications/Microsoft
46.9,120,14523,91305,0.0,3,/Applications/Microsoft
46.9,120,14523,91318,0.0,3,/Applications/Microsoft
47.7,121,14525,1760,0.0,0,/Applications/Microsoft
47.7,121,14525,2289,0.0,4,/Applications/Ollama.app/Contents/Resources/ollama
47.7,121,14525,3739,0.0,5,dist/Critero-kundkoll.app/Contents/MacOS/Kundkoll
47.7,121,14525,3752,33.3,6065,/Applications/Ollama.app/Contents/Resources/llama-server
47.7,121,14525,76251,0.0,1,/opt/homebrew/Cellar/python@3.14/3.14.7/Frameworks/Python.framework/Versions/3.14/Resources/Python.app/Contents/MacOS/Python
47.7,121,14525,91257,3.2,16,/Applications/Microsoft
47.7,121,14525,91258,0.0,0,/Applications/Microsoft
47.7,121,14525,91259,0.0,2,/Applications/Microsoft
47.7,121,14525,91263,0.9,17,/Applications/Microsoft
47.7,121,14525,91265,0.0,0,/Applications/Microsoft
47.7,121,14525,91266,2.7,24,/Applications/Microsoft
47.7,121,14525,91268,0.0,3,/Applications/Microsoft
47.7,121,14525,91270,0.0,2,/Applications/Microsoft
47.7,121,14525,91271,0.0,8,/Applications/Microsoft
47.7,121,14525,91272,0.0,6,/Applications/Microsoft
47.7,121,14525,91279,7.8,83,/Applications/Microsoft
47.7,121,14525,91280,94.9,130,/Applications/Microsoft
47.7,121,14525,91295,0.1,6,/Applications/Microsoft
47.7,121,14525,91296,0.0,4,/Applications/Microsoft
47.7,121,14525,91305,0.0,3,/Applications/Microsoft
47.7,121,14525,91318,0.0,3,/Applications/Microsoft
48.5,98,14541,1760,0.0,0,/Applications/Microsoft
48.5,98,14541,2289,0.0,5,/Applications/Ollama.app/Contents/Resources/ollama
48.5,98,14541,3739,0.0,5,dist/Critero-kundkoll.app/Contents/MacOS/Kundkoll
48.5,98,14541,3752,40.6,6087,/Applications/Ollama.app/Contents/Resources/llama-server
48.5,98,14541,76251,0.0,1,/opt/homebrew/Cellar/python@3.14/3.14.7/Frameworks/Python.framework/Versions/3.14/Resources/Python.app/Contents/MacOS/Python
48.5,98,14541,91257,1.0,14,/Applications/Microsoft
48.5,98,14541,91258,0.0,0,/Applications/Microsoft
48.5,98,14541,91259,0.0,2,/Applications/Microsoft
48.5,98,14541,91263,0.2,16,/Applications/Microsoft
48.5,98,14541,91265,0.0,0,/Applications/Microsoft
48.5,98,14541,91266,2.5,21,/Applications/Microsoft
48.5,98,14541,91268,0.0,3,/Applications/Microsoft
48.5,98,14541,91270,0.0,2,/Applications/Microsoft
48.5,98,14541,91271,0.0,8,/Applications/Microsoft
48.5,98,14541,91272,0.0,5,/Applications/Microsoft
48.5,98,14541,91279,5.9,82,/Applications/Microsoft
48.5,98,14541,91280,77.8,129,/Applications/Microsoft
48.5,98,14541,91295,0.0,4,/Applications/Microsoft
48.5,98,14541,91296,0.0,4,/Applications/Microsoft
48.5,98,14541,91305,0.0,3,/Applications/Microsoft
48.5,98,14541,91318,0.0,3,/Applications/Microsoft
